Source,d(kpc),+-,Ref,Av,+-,Ref,M_BH,+-,Ref,Optical,Outburst,(all with dmag < 0.3),,,,Reddened flux (mJy),,,,De-reddened flux (mJy),,,,,X-ray,F_X_unabs,range,MJD,log(Lx_bol),log(Lx/L_Edd),log(L_opt),log(Lopt/L_Edd),optical lag,+-,ref(lag),Notes
,,,,,,,(M_sol),,,MJD,,V_mag,g'_mag,R_mag,r'_mag,S_nu_V,S_nu_g',S_nu_R,S_nu_r',F_nu_V,F_nu_g',F_nu_R,F_nu_r',,MJD,0.1-250,keV,,,,,,wrt X-ray(s),,,
GX_339-4,10.5,4.5,Saikia19,3.25,0.25,Gandhi11,5.9,3.6,Saikia19,53791.34719,2006hard,16.36,,,,1.039019922,,,,20.73117294,,,,,,,,,,,,,,,,
,,,,,,,,,,53793.38012,2006hard,16.37,,,,1.02949413,,,,20.5411084,,,,,,,,,,,,,,,,
,,,,,,,,,,53794.29747,2006hard,16.49,,,,0.92177277,,,,18.39178471,,,,,,,,,,,,,,,,
,,,,,,,,,,53797.36444,2006hard,16.43,,,,0.9741456029,,,,19.43676011,,,,,,,,,,,,,,,,
,,,,,,,,,,53798.37129,2006hard,16.45,,,,0.9563654419,,,,19.08199925,,,,,,,,,,,,,,,,
,,,,,,,,,,53799.36097,2006hard,16.38,,,,1.020055671,,,,20.35278639,,,,,,,,,,,,,,,,
,,,,,,,,,,53800.34844,2006hard,16.47,,,,0.9389098053,,,,18.73371352,,,,,,,,,,,,,,,,
,,,,,,,,,,53801.33019,2006hard,16.36,,,,1.039019922,,,,20.73117294,,,,,,,,,,,,,,,,
,,,,,,,,,,53802.33103,2006hard,16.33,,,,1.068129413,,,,21.31198366,,,,,,,,,,,,,,,,
,,,,,,,,,,53803.30736,2006hard,16.48,,,,0.9303018285,,,,18.5619618,,,,,,,,,,,,,,,,
,,,,,,,,,,53804.35205,2006hard,16.33,,,,1.068129413,,,,21.31198366,,,,,,,,,,,,,,,,
,,,,,,,,,,53805.29526,2006hard,16.44,,,,0.9652145823,,,,19.25856282,,,,,,,,,,,,,,,,
,,,,,,,,,,53806.29845,2006hard,16.4,,,,1.001437557,,,,19.98130617,,,,,,,,,,,,,,,,
,,,,,,,,,,53807.33189,2006hard,16.47,,,,0.9389098053,,,,18.73371352,,,,,,,,,,,,,,,,
,,,,,,,,,,53808.29069,2006hard,16.51,,,,0.9049485209,,,,18.05609681,,,,,,,,,,,,,,,,
,,,,,,,,,,53809.27884,2006hard,16.28,,,,1.118468802,,,,22.31638651,,,,,,,,,,,,,,,,
,,,,,,,,,,53810.28796,2006hard,16.46,,,,0.9475974308,,,,18.90705443,,,,,,,,,,,,,,,,
,,,,,,,,,,53811.28695,2006hard,16.52,,,,0.896651903,,,,17.89055752,,,,,,,,,,,,,,,,
,,,,,,,,,,53812.33974,2006hard,16.36,,,,1.039019922,,,,20.73117294,,,,,,,,,,,,,,,,
,,,,,,,,,,53813.31516,2006hard,16.33,,,,1.068129413,,,,21.31198366,,,,,,,,,,,,,,,,
,,,,,,,,,,53814.29284,2006hard,16.26,,,,1.139262689,,,,22.73127911,,,,,,,,,,,,,,,,
,,,,,,,,,,53815.34494,2006hard,16.44,,,,0.9652145823,,,,19.25856282,,,,,,,,,,,,,,,,
,,,,,,,,,,53816.32434,2006hard,16.34,,,,1.058336744,,,,21.11659422,,,,,,,,,,,,,,,,
,,,,,,,,,,53817.34149,2006hard,16.32,,,,1.078012693,,,,21.50918102,,,,,,,,,,,,,,,,
,,,,,,,,,,53818.3218,2006hard,16.37,,,,1.02949413,,,,20.5411084,,,,,,,,,,,,,,,,
,,,,,,,,,,53819.23892,2006hard,16.3,,,,1.098054446,,,,21.90906655,,,,,,,,,,,,,,,,
,,,,,,,,,,53820.30027,2006hard,16.36,,,,1.039019922,,,,20.73117294,,,,,,,,,,,,,,,,
,,,,,,,,,,53821.32369,2006hard,16.31,,,,1.087987422,,,,21.70820302,,,,,,,,,,,,,,,,
,,,,,,,,,,53822.29826,2006hard,16.33,,,,1.068129413,,,,21.31198366,,,,,,,,,,,,,,,,
,,,,,,,,,,53823.31865,2006hard,16.26,,,,1.139262689,,,,22.73127911,,,,,,,,,,,,,,,,
,,,,,,,,,,53824.32971,2006hard,16.47,,,,0.9389098053,,,,18.73371352,,,,,,,,,,,,,,,,
,,,,,,,,,,53826.28222,2006hard,16.22,,,,1.182017413,,,,23.584348,,,,,,,,,,,,,,,,
,,,,,,,,,,53827.35266,2006hard,16.31,,,,1.087987422,,,,21.70820302,,,,,,,,,,,,,,,,
,,,,,,,,,,53828.30689,2006hard,16.43,,,,0.9741456029,,,,19.43676011,,,,,,,,,,,,,,,,
,,,,,,,,,,53829.27271,2006hard,16.46,,,,0.9475974308,,,,18.90705443,,,,,,,,,,,,,,,,
,,,,,,,,,,53831.19111,2006hard,16.32,,,,1.078012693,,,,21.50918102,,,,,,,,,,,,,,,,
,,,,,,,,,,53832.27987,2006hard,16.2,,,,1.203992758,,,,24.02281377,,,,,,,,,,,,,,,,
,,,,,,,,,,53833.29154,2006hard,16.3,,,,1.098054446,,,,21.90906655,,,,,,,,,,,,,,,,
,,,,,,,,,,53834.28252,2006hard,16.28,,,,1.118468802,,,,22.31638651,,,,,,,,,,,,,,,,
,,,,,,,,,,53835.25177,2006hard,16.34,,,,1.058336744,,,,21.11659422,,,,,,,,,,,,,,,,
,,,,,,,,,,53836.19285,2006hard,16.38,,,,1.020055671,,,,20.35278639,,,,,,,,,,,,,,,,
,,,,,,,,,,53837.25092,2006hard,16.43,,,,0.9741456029,,,,19.43676011,,,,,,,,,,,,,,,,
,,,,,,,,,,53839.24994,2006hard,16.39,,,,1.010703744,,,,20.16619092,,,,,,,,,,,,,,,,
,,,,,,,,,,53841.27951,2006hard,16.45,,,,0.9563654419,,,,19.08199925,,,,,,,,,,,,,,,,
,,,,,,,,,,53844.3551,2006hard,16.33,,,,1.068129413,,,,21.31198366,,,,,,,,,,,,,,,,
,,,,,,,,,,53845.28854,2006hard,16.37,,,,1.02949413,,,,20.5411084,,,,,,,,,,,,,,,,
,,,,,,,,,,53846.25368,2006hard,16.4,,,,1.001437557,,,,19.98130617,,,,,,,,,,,,,,,,
,,,,,,,,,,53847.24959,2006hard,16.43,,,,0.9741456029,,,,19.43676011,,,,,,,,,,,,,,,,
,,,,,,,,,,53848.25105,2006hard,16.34,,,,1.058336744,,,,21.11659422,,,,,,,,,,,,,,,,
,,,,,,,,,,53849.22357,2006hard,16.59,,,,0.8406667577,,,,16.77350701,,,,,,,,,,,,,,,,
,,,,,,,,,,53851.24208,2006hard,16.48,,,,0.9303018285,,,,18.5619618,,,,,,,,,,,,,,,,
,,,,,,,,,,53852.29487,2006hard,16.42,,,,0.9831592612,,,,19.61660623,,,,,,,,,,,,,,,,
,,,,,,,,,,53853.30892,2006hard,16.45,,,,0.9563654419,,,,19.08199925,,,,,,,,,,,,,,,,
,,,,,,,,,,53854.32056,2006hard,16.55,,,,0.8722156494,,,,17.40299016,,,,,,,,,,,,,,,,
,,,,,,,,,,53855.31466,2006hard,16.51,,,,0.9049485209,,,,18.05609681,,,,,,,,,,,,,,,,
,,,,,,,,,,53856.30684,2006hard,16.51,,,,0.9049485209,,,,18.05609681,,,,,,,,,,,,,,,,
,,,,,,,,,,53858.27983,2006hard,16.74,,,,0.7321901372,,,,14.60911388,,,,,,,,,,,,,,,,
,,,,,,,,,,53860.17291,2006hard,16.65,,,,0.7954701265,,,,15.87171566,,,,,53860.99,0.0000000020879,,53860.58146,37.44007358,-1.431148973,35.52698459,-3.344237962,,,,
,,,,,,,,,,53862.25776,2006hard,16.66,,,,0.7881772125,,,,15.7262029,,,,,,,,,,,,,,,,
,,,,,,,,,,53863.17171,2006hard,16.7,,,,0.7596680732,,,,15.15737078,,,,,,,,,,,,,,,,
,,,,,,,,,,53866.20759,2006hard,16.72,,,,0.7458025682,,,,14.88071759,,,,,,,,,,,,,,,,
,,,,,,,,,,53867.19719,2006hard,16.86,,,,0.6555772506,,,,13.08048583,,,,,,,,,,,,,,,,
,,,,,,,,,,53868.17256,2006hard,16.91,,,,0.6260714139,,,,12.49176699,,,,,,,,,,,,,,,,
,,,,,,,,,,53869.12377,2006hard,16.72,,,,0.7458025682,,,,14.88071759,,,,,53869.62,0.0000000011786,,53869.37189,37.19173033,-1.679492231,35.49898459,-3.372237962,,,,
,,,,,,,,,,53871.25111,2006hard,16.88,,,,0.6436116172,,,,12.84174005,,,,,,,,,,,,,,,,
,,,,,,,,,,53872.2175,2006hard,16.93,,,,0.6146443227,,,,12.26376654,,,,,,,,,,,,,,,,
,,,,,,,,,,53873.26196,2006hard,16.85,,,,0.6616432322,,,,13.20151807,,,,,,,,,,,,,,,,
,,,,,,,,,,53874.18043,2006hard,17.12,,,,0.5159693149,,,,10.2949413,,,,,,,,,,,,,,,,
,,,,,,,,,,53875.06568,2006hard,16.98,,,,0.5869807713,,,,11.71180613,,,,,,,,,,,,,,,,
,,,,,,,,,,53876.19455,2006hard,17.02,,,,0.5657491037,,,,11.28817866,,,,,53876.25,0.00000000054752,,53876.22228,36.85876388,-2.01245868,35.37898459,-3.492237962,,,,
,,,,,,,,,,53877.22498,2006hard,17.02,,,,0.5657491037,,,,11.28817866,,,,,,,,,,,,,,,,
,,,,,,,,,,53881.25473,2006hard,17.32,,,,0.4291645831,,,,8.562959196,,,,,,,,,,,,,,,,
,,,,,,,,,,53882.21915,2006hard,17.31,,,,0.4331355941,,,,8.642191282,,,,,,,,,,,,,,,,
,,,,,,,,,,53886.14795,2006hard,17.38,,,,0.4060914769,,,,8.102590203,,,,,,,,,,,,,,,,
,,,,,,,,,,53890.09629,2006hard,17.56,,,,0.3440518319,,,,6.864736545,,,,,,,,,,,,,,,,
,,,,,,,,,,53891.14164,2006hard,17.62,,,,0.3255546288,,,,6.495668822,,,,,,,,,,,,,,,,
,,,,,,,,,,53893.02864,2006hard,17.97,,,,0.23584348,,,,4.70569608,,,,,,,,,,,,,,,,
,,,,,,,,,,53896.09607,2006hard,17.77,,,,0.2835462282,,,,5.657491037,,,,,,,,,,,,,,,,
,,,,,,,,,,53900.16715,2006hard,18.28,,,,0.177265359,,,,3.536908906,,,,,,,,,,,,,,,,
,,,,,,,,,,53901.07466,2006hard,18.22,,,,0.1873371352,,,,3.73786726,,,,,,,,,,,,,,,,
,,,,,,,,,,53902.082,2006hard,18.54,,,,0.1395159545,,,,2.783709263,,,,,,,,,,,,,,,,
,,,,,,,,,,53903.10672,2006hard,18.37,,,,0.1631638238,,,,3.255546288,,,,,,,,,,,,,,,,
,,,,,,,,,,53904.26266,2006hard,18.41,,,,0.157262029,,,,3.13779,,,,,,,,,,,,,,,,
,,,,,,,,,,53905.20794,2006hard,18.55,,,,0.1382368645,,,,2.758188063,,,,,,,,,,,,,,,,
,,,,,,,,,,53906.20108,2006hard,18.73,,,,0.1171180613,,,,2.33681254,,,,,,,,,,,,,,,,
,,,,,,,,,,53907.16534,2006hard,18.33,,,,0.1692871036,,,,3.377721782,,,,,,,,,,,,,,,,
,,,,,,,,,,53908.1005,2006hard,18.56,,,,0.1369695013,,,,2.732900843,,,,,,,,,,,,,,,,
,,,,,,,,,,53909.17272,2006hard,18.75,,,,0.1149804157,,,,2.294160905,,,,,,,,,,,,,,,,
,,,,,,,,,,53911.15458,2006hard,18.87,,,,0.102949413,,,,2.05411084,,,,,,,,,,,,,,,,
,,,,,,,,,,53912.26481,2006hard,18.88,,,,0.1020055671,,,,2.035278639,,,,,,,,,,,,,,,,
,,,,,,,,,,53914.21202,2006hard,19.06,,,,0.08642191282,,,,1.724343858,,,,,,,,,,,,,,,,
,,,,,,,,,,53915.24814,2006hard,19.37,,,,0.06495668822,,,,1.296056321,,,,,,,,,,,,,,,,
,,,,,,,,,,53916.20543,2006hard,19.26,,,,0.07188261611,,,,1.43424675,,,,,,,,,,,,,,,,
,,,,,,,,,,53918.20827,2006hard,19.36,,,,0.06555772506,,,,1.308048583,,,,,,,,,,,,,,,,
,,,,,,,,,,53920.10617,2006hard,19.55,,,,0.05503308699,,,,1.098054446,,,,,,,,,,,,,,,,
,,,,,,,,,,53921.18237,2006hard,19.35,,,,0.06616432322,,,,1.320151807,,,,,,,,,,,,,,,,
,,,,,,,,,,53922.12467,2006hard,19.49,,,,0.05815992992,,,,1.160443164,,,,,,,,,,,,,,,,
,,,,,,,,,,53931.19518,2006hard,19.81,,,,0.04331355941,,,,0.8642191282,,,,,,,,,,,,,,,,
,,,,,,,,,,53932.10573,2006hard,19.72,,,,0.0470569608,,,,0.9389098053,,,,,,,,,,,,,,,,
,,,,,,,,,,53934.08058,2006hard,20.8,,,,0.01740299016,,,,0.3472353043,,,,,,,,,,,,,,,,
,,,,,,,,,,53935.09729,2006hard,19.87,,,,0.04098489951,,,,0.8177562547,,,,,,,,,,,,,,,,
,,,,,,,,,,53936.02769,2006hard,19.84,,,,0.04213314467,,,,0.8406667577,,,,,,,,,,,,,,,,
,,,,,,,,,,53937.11228,2006hard,19.98,,,,0.03703598287,,,,0.7389650092,,,,,,,,,,,,,,,,
,,,,,,,,,,53941.13708,2006hard,19.5,,,,0.05762671648,,,,1.149804157,,,,,,,,,,,,,,,,
,,,,,,,,,,53945.08445,2006hard,19.73,,,,0.04662553999,,,,0.9303018285,,,,,,,,,,,,,,,,
,,,,,,,,,,53946.17631,2006hard,19.64,,,,0.05065518136,,,,1.010703744,,,,,,,,,,,,,,,,
,,,,,,,,,,53968.09286,2006hard,20.13,,,,0.0322569926,,,,0.6436116172,,,,,,,,,,,,,,,,
,,,,,,,,,,53969.16527,2006hard,19.4,,,,0.06318643813,,,,1.260735188,,,,,,,,,,,,,,,,
,,,,,,,,,,53980.05282,2006hard,19.16,,,,0.07881772125,,,,1.57262029,,,,,,,,,,,,,,,,
,,,,,,,,,,53981.00788,2006hard,19.34,,,,0.06677653416,,,,1.332367021,,,,,,,,,,,,,,,,
,,,,,,,,,,53982.05032,2006hard,19.29,,,,0.06992361526,,,,1.395159545,,,,,,,,,,,,,,,,
,,,,,,,,,,53986.01505,2006hard,19.8,,,,0.04371433484,,,,0.8722156494,,,,,,,,,,,,,,,,
,,,,,,,,,,53987.00603,2006hard,19.62,,,,0.05159693149,,,,1.02949413,,,,,,,,,,,,,,,,
,,,,,,,,,,53988.00258,2006hard,19.45,,,,0.06034257995,,,,1.203992758,,,,,,,,,,,,,,,,
,,,,,,,,,,53990.99568,2006hard,19.63,,,,0.05112388798,,,,1.020055671,,,,,,,,,,,,,,,,
,,,,,,,,,,53993.08012,2006hard,19.99,,,,0.03669643494,,,,0.7321901372,,,,,,,,,,,,,,,,
,,,,,,,,,,53994.05123,2006hard,19.29,,,,0.06992361526,,,,1.395159545,,,,,,,,,,,,,,,,
,,,,,,,,,,53995.04991,2006hard,19.77,,,,0.04493904868,,,,0.896651903,,,,,,,,,,,,,,,,
,,,,,,,,,,53996.07123,2006hard,19.27,,,,0.07122359233,,,,1.421097497,,,,,,,,,,,,,,,,
,,,,,,,,,,53998.03027,2006hard,19.61,,,,0.05207435202,,,,1.039019922,,,,,,,,,,,,,,,,
,,,,,,,,,,53999.02419,2006hard,19.34,,,,0.06677653416,,,,1.332367021,,,,,,,,,,,,,,,,
,,,,,,,,,,54000.99565,2006hard,19.2,,,,0.07596680732,,,,1.515737078,,,,,,,,,,,,,,,,
,,,,,,,,,,54001.98055,2006hard,19.48,,,,0.05869807713,,,,1.171180613,,,,,,,,,,,,,,,,
,,,,,,,,,,54002.99682,2006hard,19.39,,,,0.06377109505,,,,1.272400627,,,,,,,,,,,,,,,,
,,,,,,,,,,54004.00762,2006hard,19.59,,,,0.0530424865,,,,1.058336744,,,,,,,,,,,,,,,,
,,,,,,,,,,54005.06195,2006hard,19.36,,,,0.06555772506,,,,1.308048583,,,,,,,,,,,,,,,,
,,,,,,,,,,54005.99823,2006hard,20.1,,,,0.03316071412,,,,0.6616432322,,,,,,,,,,,,,,,,
,,,,,,,,,,54007.00055,2006hard,19.48,,,,0.05869807713,,,,1.171180613,,,,,,,,,,,,,,,,
,,,,,,,,,,54008.02532,2006hard,19.18,,,,0.07737913571,,,,1.543916735,,,,,,,,,,,,,,,,
,,,,,,,,,,54011.00145,2006hard,18.6,,,,0.1320151807,,,,2.634049151,,,,,,,,,,,,,,,,
,,,,,,,,,,54012.00984,2006hard,18.59,,,,0.1332367021,,,,2.658421708,,,,,,,,,,,,,,,,
,,,,,,,,,,54013.00552,2006hard,18.93,,,,0.09741456029,,,,1.943676011,,,,,,,,,,,,,,,,
,,,,,,,,,,54015.00263,2006hard,19.12,,,,0.08177562547,,,,1.631638238,,,,,,,,,,,,,,,,
,,,,,,,,,,54016.00117,2006hard,19.23,,,,0.07389650092,,,,1.474429035,,,,,,,,,,,,,,,,
,,,,,,,,,,54018.01289,2006hard,20.28,,,,0.02809466607,,,,0.5605622847,,,,,,,,,,,,,,,,
,,,,,,,,,,54019.01475,2006hard,19.67,,,,0.04927468703,,,,0.9831592612,,,,,,,,,,,,,,,,
,,,,,,,,,,54367.01246,2008hard,16.84,,,,0.6677653416,,,,13.32367021,,,,,54366.99,0.0000000031219,,54367.00123,37.61478288,-1.25643968,35.45098459,-3.420237962,,,,
,,,,,,,,,,54368.98376,2008hard,16.81,,,,0.6864736545,,,,13.69695013,,,,,,,,,,,,,,,,
,,,,,,,,,,54369.98266,2008hard,16.94,,,,0.6090092297,,,,12.15133166,,,,,,,,,,,,,,,,
,,,,,,,,,,54371.01582,2008hard,16.83,,,,0.6739440983,,,,13.44695262,,,,,,,,,,,,,,,,
,,,,,,,,,,54371.99358,2008hard,16.81,,,,0.6864736545,,,,13.69695013,,,,,,,,,,,,,,,,
,,,,,,,,,,54372.99951,2008hard,16.91,,,,0.6260714139,,,,12.49176699,,,,,,,,,,,,,,,,
,,,,,,,,,,54375.00653,2008hard,16.94,,,,0.6090092297,,,,12.15133166,,,,,54374.95,0.00000000092943,,54374.97827,37.08858058,-1.782641981,35.41098459,-3.460237962,,,,
,,,,,,,,,,54498.38162,2008hard,17.19,,,,0.4837532264,,,,9.652145823,,,,,54497.73,0.00000000030851,,54498.05581,36.60963313,-2.261589422,35.31098459,-3.560237962,,,,
,,,,,,,,,,54499.36945,2008hard,16.96,,,,0.5978935586,,,,11.92954486,,,,,,,,,,,,,,,,
,,,,,,,,,,54501.3716,2008hard,16.94,,,,0.6090092297,,,,12.15133166,,,,,,,,,,,,,,,,
,,,,,,,,,,54502.35013,2008hard,17.19,,,,0.4837532264,,,,9.652145823,,,,,,,,,,,,,,,,
,,,,,,,,,,54502.35901,2008hard,17.02,,,,0.5657491037,,,,11.28817866,,,,,,,,,,,,,,,,
,,,,,,,,,,54503.36363,2008hard,17.16,,,,0.497306201,,,,9.922563218,,,,,,,,,,,,,,,,
,,,,,,,,,,54506.34846,2008hard,17.15,,,,0.5019077186,,,,10.01437557,,,,,,,,,,,,,,,,
,,,,,,,,,,54507.36527,2008hard,17.23,,,,0.4662553999,,,,9.303018285,,,,,,,,,,,,,,,,
,,,,,,,,,,54508.3678,2008hard,17.19,,,,0.4837532264,,,,9.652145823,,,,,,,,,,,,,,,,
,,,,,,,,,,54509.35058,2008hard,17.32,,,,0.4291645831,,,,8.562959196,,,,,,,,,,,,,,,,
,,,,,,,,,,54510.3555,2008hard,17.33,,,,0.4252299786,,,,8.484453514,,,,,,,,,,,,,,,,
,,,,,,,,,,54511.34928,2008hard,17.21,,,,0.4749237349,,,,9.475974308,,,,,,,,,,,,,,,,
,,,,,,,,,,54512.34762,2008hard,17.14,,,,0.5065518136,,,,10.10703744,,,,,,,,,,,,,,,,
,,,,,,,,,,54514.34005,2008hard,17.08,,,,0.5353328259,,,,10.68129413,,,,,,,,,,,,,,,,
,,,,,,,,,,54515.33569,2008hard,17.35,,,,0.4174686568,,,,8.329594785,,,,,,,,,,,,,,,,
,,,,,,,,,,54516.32695,2008hard,17.19,,,,0.4837532264,,,,9.652145823,,,,,,,,,,,,,,,,
,,,,,,,,,,54517.33488,2008hard,17.21,,,,0.4749237349,,,,9.475974308,,,,,,,,,,,,,,,,
,,,,,,,,,,54518.33839,2008hard,17.41,,,,0.3950243567,,,,7.881772125,,,,,,,,,,,,,,,,
,,,,,,,,,,54519.33474,2008hard,17.28,,,,0.4452704501,,,,8.88431349,,,,,,,,,,,,,,,,
,,,,,,,,,,54520.37049,2008hard,17.23,,,,0.4662553999,,,,9.303018285,,,,,,,,,,,,,,,,
,,,,,,,,,,54521.34593,2008hard,16.51,,,,0.9049485209,,,,18.05609681,,,,,,,,,,,,,,,,
,,,,,,,,,,54522.35819,2008hard,17.32,,,,0.4291645831,,,,8.562959196,,,,,,,,,,,,,,,,
,,,,,,,,,,54525.37494,2008hard,17.39,,,,0.4023684079,,,,8.028305209,,,,,,,,,,,,,,,,
,,,,,,,,,,54526.38282,2008hard,17.68,,,,0.3080518878,,,,6.146443227,,,,,,,,,,,,,,,,
,,,,,,,,,,54536.3333,2008hard,17.62,,,,0.3255546288,,,,6.495668822,,,,,,,,,,,,,,,,
,,,,,,,,,,54538.22577,2008hard,17.74,,,,0.2914901438,,,,5.815992992,,,,,,,,,,,,,,,,
,,,,,,,,,,54539.26032,2008hard,17.65,,,,0.3166823613,,,,6.318643813,,,,,,,,,,,,,,,,
,,,,,,,,,,54540.236,2008hard,17.59,,,,0.3346754643,,,,6.677653416,,,,,,,,,,,,,,,,
,,,,,,,,,,54541.35494,2008hard,17.88,,,,0.2562263999,,,,5.112388798,,,,,,,,,,,,,,,,
,,,,,,,,,,54542.35757,2008hard,17.74,,,,0.2914901438,,,,5.815992992,,,,,,,,,,,,,,,,
,,,,,,,,,,54543.37934,2008hard,17.83,,,,0.2683019781,,,,5.353328259,,,,,,,,,,,,,,,,
,,,,,,,,,,54544.22562,2008hard,17.45,,,,0.3807359401,,,,7.596680732,,,,,,,,,,,,,,,,
,,,,,,,,,,54545.24744,2008hard,17.93,,,,0.2446943122,,,,4.882293399,,,,,,,,,,,,,,,,
,,,,,,,,,,54546.26143,2008hard,18.11,,,,0.2073117294,,,,4.136412811,,,,,,,,,,,,,,,,
,,,,,,,,,,54547.33673,2008hard,17.92,,,,0.2469584408,,,,4.927468703,,,,,,,,,,,,,,,,
,,,,,,,,,,54548.32068,2008hard,18.11,,,,0.2073117294,,,,4.136412811,,,,,,,,,,,,,,,,
,,,,,,,,,,54550.25122,2008hard,17.87,,,,0.2585972336,,,,5.159693149,,,,,,,,,,,,,,,,
,,,,,,,,,,54551.33716,2008hard,18.04,,,,0.2211178865,,,,4.41188186,,,,,,,,,,,,,,,,
,,,,,,,,,,54552.32395,2008hard,18.08,,,,0.2131198366,,,,4.252299786,,,,,,,,,,,,,,,,
,,,,,,,,,,54553.34689,2008hard,17.96,,,,0.2380257129,,,,4.749237349,,,,,,,,,,,,,,,,
,,,,,,,,,,54554.35594,2008hard,18,,,,0.2294160905,,,,4.577452797,,,,,,,,,,,,,,,,
,,,,,,,,,,54555.3598,2008hard,18.07,,,,0.2150918102,,,,4.291645831,,,,,,,,,,,,,,,,
,,,,,,,,,,54556.32746,2008hard,18.13,,,,0.2035278639,,,,4.060914769,,,,,,,,,,,,,,,,
,,,,,,,,,,54557.28975,2008hard,18.15,,,,0.1998130617,,,,3.986794721,,,,,,,,,,,,,,,,
,,,,,,,,,,54558.33909,2008hard,18.16,,,,0.1979811646,,,,3.950243567,,,,,,,,,,,,,,,,
,,,,,,,,,,54559.35609,2008hard,18.06,,,,0.2170820302,,,,4.331355941,,,,,,,,,,,,,,,,
,,,,,,,,,,54560.34534,2008hard,18.1,,,,0.2092299612,,,,4.174686568,,,,,,,,,,,,,,,,
,,,,,,,,,,54561.20842,2008hard,18.26,,,,0.1805609681,,,,3.602664952,,,,,,,,,,,,,,,,
,,,,,,,,,,54562.24501,2008hard,18.14,,,,0.2016619092,,,,4.023684079,,,,,,,,,,,,,,,,
,,,,,,,,,,54566.31614,2008hard,17.95,,,,0.2402281377,,,,4.793181501,,,,,,,,,,,,,,,,
,,,,,,,,,,54567.32998,2008hard,18.16,,,,0.1979811646,,,,3.950243567,,,,,,,,,,,,,,,,
,,,,,,,,,,54569.34508,2008hard,18.24,,,,0.1839178471,,,,3.669643494,,,,,,,,,,,,,,,,
,,,,,,,,,,54571.23118,2008hard,18.28,,,,0.177265359,,,,3.536908906,,,,,,,,,,,,,,,,
,,,,,,,,,,54572.31762,2008hard,18.13,,,,0.2035278639,,,,4.060914769,,,,,,,,,,,,,,,,
,,,,,,,,,,54573.30411,2008hard,18.34,,,,0.1677350701,,,,3.346754643,,,,,,,,,,,,,,,,
,,,,,,,,,,54574.323,2008hard,17.82,,,,0.2707845457,,,,5.402861995,,,,,,,,,,,,,,,,
,,,,,,,,,,54575.28561,2008hard,18.32,,,,0.1708534979,,,,3.408975457,,,,,,,,,,,,,,,,
,,,,,,,,,,54576.35793,2008hard,18.34,,,,0.1677350701,,,,3.346754643,,,,,,,,,,,,,,,,
,,,,,,,,,,54577.32905,2008hard,18.34,,,,0.1677350701,,,,3.346754643,,,,,,,,,,,,,,,,
,,,,,,,,,,54578.23755,2008hard,18.08,,,,0.2131198366,,,,4.252299786,,,,,,,,,,,,,,,,
,,,,,,,,,,54579.27963,2008hard,18.38,,,,0.1616679289,,,,3.22569926,,,,,,,,,,,,,,,,
,,,,,,,,,,54580.27117,2008hard,18.36,,,,0.1646735601,,,,3.285669486,,,,,,,,,,,,,,,,
,,,,,,,,,,54581.32839,2008hard,17.94,,,,0.2424509413,,,,4.837532264,,,,,,,,,,,,,,,,
,,,,,,,,,,54582.34053,2008hard,17.98,,,,0.233681254,,,,4.662553999,,,,,,,,,,,,,,,,
,,,,,,,,,,54583.3405,2008hard,18.12,,,,0.205411084,,,,4.098489951,,,,,,,,,,,,,,,,
,,,,,,,,,,54584.34634,2008hard,18.36,,,,0.1646735601,,,,3.285669486,,,,,,,,,,,,,,,,
,,,,,,,,,,54587.35508,2008hard,17.97,,,,0.23584348,,,,4.70569608,,,,,,,,,,,,,,,,
,,,,,,,,,,54588.35027,2008hard,17.71,,,,0.2996566186,,,,5.978935586,,,,,,,,,,,,,,,,
,,,,,,,,,,54589.27004,2008hard,18.11,,,,0.2073117294,,,,4.136412811,,,,,,,,,,,,,,,,
,,,,,,,,,,54590.14325,2008hard,17.9,,,,0.251549741,,,,5.019077186,,,,,,,,,,,,,,,,
,,,,,,,,,,54591.33594,2008hard,18.06,,,,0.2170820302,,,,4.331355941,,,,,,,,,,,,,,,,
,,,,,,,,,,54592.31158,2008hard,18.27,,,,0.1789055752,,,,3.569635521,,,,,,,,,,,,,,,,
,,,,,,,,,,54593.23428,2008hard,18.2,,,,0.1908199925,,,,3.807359401,,,,,,,,,,,,,,,,
,,,,,,,,,,54594.27644,2008hard,18.13,,,,0.2035278639,,,,4.060914769,,,,,,,,,,,,,,,,
,,,,,,,,,,54595.0942,2008hard,17.93,,,,0.2446943122,,,,4.882293399,,,,,,,,,,,,,,,,
,,,,,,,,,,54596.22318,2008hard,18.32,,,,0.1708534979,,,,3.408975457,,,,,,,,,,,,,,,,
,,,,,,,,,,54597.21167,2008hard,17.96,,,,0.2380257129,,,,4.749237349,,,,,,,,,,,,,,,,
,,,,,,,,,,54598.23182,2008hard,18.2,,,,0.1908199925,,,,3.807359401,,,,,,,,,,,,,,,,
,,,,,,,,,,54599.29218,2008hard,18.01,,,,0.2273127911,,,,4.535486458,,,,,,,,,,,,,,,,
,,,,,,,,,,54600.25435,2008hard,17.68,,,,0.3080518878,,,,6.146443227,,,,,,,,,,,,,,,,
,,,,,,,,,,54601.23697,2008hard,18.12,,,,0.205411084,,,,4.098489951,,,,,,,,,,,,,,,,
,,,,,,,,,,54602.34038,2008hard,17.99,,,,0.2315388514,,,,4.619807447,,,,,,,,,,,,,,,,
,,,,,,,,,,54606.24959,2008hard,17.81,,,,0.2732900843,,,,5.452854062,,,,,,,,,,,,,,,,
,,,,,,,,,,54608.37371,2008hard,17.94,,,,0.2424509413,,,,4.837532264,,,,,,,,,,,,,,,,
,,,,,,,,,,54609.27705,2008hard,17.87,,,,0.2585972336,,,,5.159693149,,,,,,,,,,,,,,,,
,,,,,,,,,,54610.24807,2008hard,17.85,,,,0.2634049151,,,,5.255619006,,,,,,,,,,,,,,,,
,,,,,,,,,,54611.25268,2008hard,17.93,,,,0.2446943122,,,,4.882293399,,,,,,,,,,,,,,,,
,,,,,,,,,,54612.23041,2008hard,17.95,,,,0.2402281377,,,,4.793181501,,,,,,,,,,,,,,,,
,,,,,,,,,,54623.21262,2008hard,17.75,,,,0.2888177461,,,,5.762671648,,,,,,,,,,,,,,,,
,,,,,,,,,,54624.2758,2008hard,17.65,,,,0.3166823613,,,,6.318643813,,,,,,,,,,,,,,,,
,,,,,,,,,,54625.17867,2008hard,17.77,,,,0.2835462282,,,,5.657491037,,,,,,,,,,,,,,,,
,,,,,,,,,,54628.19829,2008hard,17.66,,,,0.313779,,,,6.260714139,,,,,,,,,,,,,,,,
,,,,,,,,,,54629.15027,2008hard,17.69,,,,0.3052276511,,,,6.090092297,,,,,,,,,,,,,,,,
,,,,,,,,,,54637.27178,2008hard,17.15,,,,0.5019077186,,,,10.01437557,,,,,,,,,,,,,,,,
,,,,,,,,,,54638.30711,2008hard,17.28,,,,0.4452704501,,,,8.88431349,,,,,,,,,,,,,,,,
,,,,,,,,,,54639.27028,2008hard,17.11,,,,0.5207435202,,,,10.39019922,,,,,,,,,,,,,,,,
,,,,,,,,,,54640.24806,2008hard,16.98,,,,0.5869807713,,,,11.71180613,,,,,,,,,,,,,,,,
,,,,,,,,,,54641.20712,2008hard,17.05,,,,0.5503308699,,,,10.98054446,,,,,,,,,,,,,,,,
,,,,,,,,,,54642.24765,2008hard,17.13,,,,0.5112388798,,,,10.20055671,,,,,,,,,,,,,,,,
,,,,,,,,,,54643.25408,2008hard,17.05,,,,0.5503308699,,,,10.98054446,,,,,54643.67,0.00000000077135,,54643.46204,37.00761537,-1.863607184,35.36698459,-3.504237962,,,,
,,,,,,,,,,54644.26481,2008hard,17.2,,,,0.4793181501,,,,9.563654419,,,,,54644.7,0.00000000056723,,54644.48241,36.87412308,-1.997099476,35.30698459,-3.564237962,,,,
,,,,,,,,,,54645.26407,2008hard,17.18,,,,0.4882293399,,,,9.741456029,,,,,,,,,,,,,,,,
,,,,,,,,,,54646.21066,2008hard,17.12,,,,0.5159693149,,,,10.2949413,,,,,54645.75,0.00000000045421,,54645.98033,36.77762058,-2.093601976,35.33898459,-3.532237962,,,,
,,,,,,,,,,54647.17294,2008hard,17.03,,,,0.5605622847,,,,11.18468802,,,,,54647.6,0.00000000075803,,54647.38647,37.00005028,-1.871172274,35.37498459,-3.496237962,,,,
,,,,,,,,,,54648.1156,2008hard,17.03,,,,0.5605622847,,,,11.18468802,,,,,54648.44,0.00000000081493,,54648.2778,37.03148419,-1.839738362,35.37498459,-3.496237962,,,,
,,,,,,,,,,54649.213,2008hard,16.92,,,,0.6203315566,,,,12.37724178,,,,,,,,,,,,,,,,
,,,,,,,,,,54650.17066,2008hard,17.01,,,,0.5709839157,,,,11.39262689,,,,,,,,,,,,,,,,
,,,,,,,,,,54651.1111,2008hard,16.94,,,,0.6090092297,,,,12.15133166,,,,,54651.52,0.00000000075136,,54651.31555,36.99621196,-1.875010597,35.41098459,-3.460237962,,,,
,,,,,,,,,,54652.17957,2008hard,16.9,,,,0.6318643813,,,,12.60735188,,,,,,,,,,,,,,,,
,,,,,,,,,,54653.16203,2008hard,17.03,,,,0.5605622847,,,,11.18468802,,,,,54652.77,0.00000000081278,,54652.96602,37.0303369,-1.840885659,35.37498459,-3.496237962,,,,
,,,,,,,,,,54654.1981,2008hard,16.86,,,,0.6555772506,,,,13.08048583,,,,,54653.75,0.0000000010049,,54653.97405,37.12248674,-1.748735821,35.44298459,-3.428237962,,,,
,,,,,,,,,,54655.22351,2008hard,16.89,,,,0.6377109505,,,,12.72400627,,,,,,,,,,,,,,,,
,,,,,,,,,,54656.17349,2008hard,16.85,,,,0.6616432322,,,,13.20151807,,,,,54655.71,0.00000000083274,,54655.94175,37.04087332,-1.830349241,35.44698459,-3.424237962,,,,
,,,,,,,,,,54657.20436,2008hard,16.99,,,,0.5815992992,,,,11.60443164,,,,,,,,,,,,,,,,
,,,,,,,,,,54658.21885,2008hard,16.82,,,,0.6801800262,,,,13.57137574,,,,,54658.72,0.0000000011562,,54658.46943,37.18339685,-1.687825703,35.45898459,-3.412237962,,,,
,,,,,,,,,,54659.22763,2008hard,16.92,,,,0.6203315566,,,,12.37724178,,,,,,,,,,,,,,,,
,,,,,,,,,,54660.12688,2008hard,16.81,,,,0.6864736545,,,,13.69695013,,,,,,,,,,,,,,,,
,,,,,,,,,,54661.24323,2008hard,16.95,,,,0.6034257995,,,,12.03992758,,,,,54660.99,0.00000000060811,,54661.11662,36.90434603,-1.966876522,35.40698459,-3.464237962,,,,
,,,,,,,,,,54662.25402,2008hard,16.84,,,,0.6677653416,,,,13.32367021,,,,,54661.97,0.00000000094786,,54662.11201,37.09710809,-1.774114471,35.45098459,-3.420237962,,,,
,,,,,,,,,,54663.16022,2008hard,16.86,,,,0.6555772506,,,,13.08048583,,,,,,,,,,,,,,,,
,,,,,,,,,,54664.17658,2008hard,16.82,,,,0.6801800262,,,,13.57137574,,,,,,,,,,,,,,,,
,,,,,,,,,,54665.18038,2008hard,16.79,,,,0.6992361526,,,,13.95159545,,,,,,,,,,,,,,,,
,,,,,,,,,,54666.16952,2008hard,16.91,,,,0.6260714139,,,,12.49176699,,,,,54665.96,0.0000000012415,,54666.06476,37.21431061,-1.656911944,35.42298459,-3.448237962,,,,
,,,,,,,,,,54671.14485,2008hard,16.86,,,,0.6555772506,,,,13.08048583,,,,,54670.95,0.0000000010333,,54671.04743,37.13459032,-1.736632238,35.44298459,-3.428237962,,,,
,,,,,,,,,,54672.19274,2008hard,16.79,,,,0.6992361526,,,,13.95159545,,,,,,,,,,,,,,,,
,,,,,,,,,,54674.21078,2008hard,16.79,,,,0.6992361526,,,,13.95159545,,,,,,,,,,,,,,,,
,,,,,,,,,,54675.19069,2008hard,16.88,,,,0.6436116172,,,,12.84174005,,,,,,,,,,,,,,,,
,,,,,,,,,,54677.21933,2008hard,16.79,,,,0.6992361526,,,,13.95159545,,,,,,,,,,,,,,,,
,,,,,,,,,,54678.15375,2008hard,17.01,,,,0.5709839157,,,,11.39262689,,,,,,,,,,,,,,,,
,,,,,,,,,,54681.16803,2008hard,16.93,,,,0.6146443227,,,,12.26376654,,,,,,,,,,,,,,,,
,,,,,,,,,,54682.16304,2008hard,17.01,,,,0.5709839157,,,,11.39262689,,,,,,,,,,,,,,,,
,,,,,,,,,,54683.17544,2008hard,16.85,,,,0.6616432322,,,,13.20151807,,,,,,,,,,,,,,,,
,,,,,,,,,,54684.10244,2008hard,16.81,,,,0.6864736545,,,,13.69695013,,,,,,,,,,,,,,,,
,,,,,,,,,,54685.1045,2008hard,16.94,,,,0.6090092297,,,,12.15133166,,,,,,,,,,,,,,,,
,,,,,,,,,,54687.14194,2008hard,16.94,,,,0.6090092297,,,,12.15133166,,,,,,,,,,,,,,,,
,,,,,,,,,,54690.16932,2008hard,16.87,,,,0.6495668822,,,,12.96056321,,,,,,,,,,,,,,,,
,,,,,,,,,,54691.15121,2008hard,16.74,,,,0.7321901372,,,,14.60911388,,,,,,,,,,,,,,,,
,,,,,,,,,,54698.11387,2008hard,16.94,,,,0.6090092297,,,,12.15133166,,,,,,,,,,,,,,,,
,,,,,,,,,,54700.09244,2008hard,16.93,,,,0.6146443227,,,,12.26376654,,,,,,,,,,,,,,,,
,,,,,,,,,,54701.07873,2008hard,16.88,,,,0.6436116172,,,,12.84174005,,,,,,,,,,,,,,,,
,,,,,,,,,,54702.08294,2008hard,16.84,,,,0.6677653416,,,,13.32367021,,,,,,,,,,,,,,,,
,,,,,,,,,,54703.12183,2008hard,16.9,,,,0.6318643813,,,,12.60735188,,,,,,,,,,,,,,,,
,,,,,,,,,,54704.129,2008hard,16.69,,,,0.7666971953,,,,15.29762021,,,,,,,,,,,,,,,,
,,,,,,,,,,54707.11,2008hard,16.9,,,,0.6318643813,,,,12.60735188,,,,,,,,,,,,,,,,
,,,,,,,,,,54708.06853,2008hard,16.9,,,,0.6318643813,,,,12.60735188,,,,,,,,,,,,,,,,
,,,,,,,,,,54709.0854,2008hard,16.89,,,,0.6377109505,,,,12.72400627,,,,,,,,,,,,,,,,
,,,,,,,,,,54710.10979,2008hard,16.8,,,,0.6928255171,,,,13.82368645,,,,,,,,,,,,,,,,
,,,,,,,,,,54740.99614,2008hard,17.25,,,,0.4577452797,,,,9.133219065,,,,,,,,,,,,,,,,
,,,,,,,,,,54742.07212,2008hard,17.14,,,,0.5065518136,,,,10.10703744,,,,,,,,,,,,,,,,
,,,,,,,,,,54743.02084,2008hard,17.48,,,,0.3703598287,,,,7.389650092,,,,,,,,,,,,,,,,
,,,,,,,,,,54743.9965,2008hard,17.1,,,,0.5255619006,,,,10.48633855,,,,,,,,,,,,,,,,
,,,,,,,,,,54745.00708,2008hard,17.45,,,,0.3807359401,,,,7.596680732,,,,,,,,,,,,,,,,
,,,,,,,,,,54746.04995,2008hard,17.44,,,,0.3842588464,,,,7.666971953,,,,,,,,,,,,,,,,
,,,,,,,,,,54871.3391,2009hard,18.79,,,,0.1108214618,,,,2.211178865,,,,,,,,,,,,,,,,
,,,,,,,,,,54873.33788,2009hard,19.18,,,,0.07737913571,,,,1.543916735,,,,,,,,,,,,,,,,
,,,,,,,,,,54875.3288,2009hard,17.97,,,,0.23584348,,,,4.70569608,,,,,,,,,,,,,,,,
,,,,,,,,,,54877.31846,2009hard,18.52,,,,0.1421097497,,,,2.835462282,,,,,,,,,,,,,,,,
,,,,,,,,,,54879.35844,2009hard,17.72,,,,0.2969093502,,,,5.924120375,,,,,,,,,,,,,,,,
,,,,,,,,,,54882.38282,2009hard,17.33,,,,0.4252299786,,,,8.484453514,,,,,,,,,,,,,,,,
,,,,,,,,,,54884.36255,2009hard,17.06,,,,0.5452854062,,,,10.87987422,,,,,,,,,,,,,,,,
,,,,,,,,,,54885.31035,2009hard,16.76,,,,0.7188261611,,,,14.3424675,,,,,,,,,,,,,,,,
,,,,,,,,,,54886.35128,2009hard,16.83,,,,0.6739440983,,,,13.44695262,,,,,,,,,,,,,,,,
,,,,,,,,,,54887.33584,2009hard,16.73,,,,0.7389650092,,,,14.74429035,,,,,,,,,,,,,,,,
,,,,,,,,,,54888.29558,2009hard,16.55,,,,0.8722156494,,,,17.40299016,,,,,,,,,,,,,,,,
,,,,,,,,,,54889.30834,2009hard,16.79,,,,0.6992361526,,,,13.95159545,,,,,54889.15,0.0000000011175,,54889.22917,37.16861142,-1.702611136,35.47098459,-3.400237962,,,,
,,,,,,,,,,54890.31425,2009hard,16.54,,,,0.8802861614,,,,17.56401804,,,,,54890.08,0.0000000015289,,54890.19713,37.30474297,-1.566479587,35.57098459,-3.300237962,,,,
,,,,,,,,,,54891.33751,2009hard,16.63,,,,0.8102590203,,,,16.16679289,,,,,54891.26,0.0000000020193,,54891.29876,37.42556473,-1.445657822,35.53498459,-3.336237962,,,,
,,,,,,,,,,54892.34037,2009hard,16.43,,,,0.9741456029,,,,19.43676011,,,,,54892.1,0.0000000016386,,54892.22019,37.33483684,-1.536385717,35.61498459,-3.256237962,,,,
,,,,,,,,,,54894.32405,2009hard,16.53,,,,0.888431349,,,,17.7265359,,,,,54894.17,0.0000000029475,,54894.24703,37.5898177,-1.281404854,35.57498459,-3.296237962,,,,
,,,,,,,,,,54895.37091,2009hard,16.66,,,,0.7881772125,,,,15.7262029,,,,,54895.94,0.0000000034201,,54895.65546,37.65440269,-1.216819863,35.52298459,-3.348237962,,,,
,,,,,,,,,,54896.35738,2009hard,16.58,,,,0.8484453514,,,,16.92871036,,,,,54896.22,0.0000000032561,,54896.28869,37.63306162,-1.238160933,35.55498459,-3.316237962,,,,
,,,,,,,,,,54897.32434,2009hard,16.24,,,,1.160443164,,,,23.15388514,,,,,54897.71,0.0000000052578,,54897.51717,37.84116795,-1.030054606,35.69098459,-3.180237962,,,,
,,,,,,,,,,54899.3212,2009hard,16.43,,,,0.9741456029,,,,19.43676011,,,,,,,,,,,,,,,,
,,,,,,,,,,54900.34254,2009hard,16.31,,,,1.087987422,,,,21.70820302,,,,,,,,,,,,,,,,
,,,,,,,,,,54901.35866,2009hard,16.39,,,,1.010703744,,,,20.16619092,,,,,,,,,,,,,,,,
,,,,,,,,,,54902.33302,2009hard,16.21,,,,1.192954486,,,,23.80257129,,,,,,,,,,,,,,,,
,,,,,,,,,,54903.3472,2009hard,16.36,,,,1.039019922,,,,20.73117294,,,,,,,,,,,,,,,,
,,,,,,,,,,54905.34705,2009hard,16.18,,,,1.226376654,,,,24.46943122,,,,,,,,,,,,,,,,
,,,,,,,,,,54906.31617,2009hard,16.08,,,,1.344695262,,,,26.83019781,,,,,,,,,,,,,,,,
,,,,,,,,,,54907.30779,2009hard,16.14,,,,1.272400627,,,,25.38773021,,,,,,,,,,,,,,,,
,,,,,,,,,,54908.36564,2009hard,16.06,,,,1.369695013,,,,27.32900843,,,,,,,,,,,,,,,,
,,,,,,,,,,54909.30252,2009hard,16.04,,,,1.395159545,,,,27.83709263,,,,,,,,,,,,,,,,
,,,,,,,,,,54910.34159,2009hard,16.19,,,,1.215133166,,,,24.24509413,,,,,,,,,,,,,,,,
,,,,,,,,,,54911.33515,2009hard,16.12,,,,1.296056321,,,,25.85972336,,,,,,,,,,,,,,,,
,,,,,,,,,,54912.34804,2009hard,16.25,,,,1.149804157,,,,22.94160905,,,,,,,,,,,,,,,,
,,,,,,,,,,54913.31289,2009hard,16.17,,,,1.237724178,,,,24.69584408,,,,,,,,,,,,,,,,
,,,,,,,,,,54915.35207,2009hard,16.18,,,,1.226376654,,,,24.46943122,,,,,,,,,,,,,,,,
,,,,,,,,,,54916.33136,2009hard,16.1,,,,1.320151807,,,,26.34049151,,,,,,,,,,,,,,,,
,,,,,,,,,,54916.3406,2009hard,16.1,,,,1.320151807,,,,26.34049151,,,,,,,,,,,,,,,,
,,,,,,,,,,54917.36554,2009hard,16.31,,,,1.087987422,,,,21.70820302,,,,,,,,,,,,,,,,
,,,,,,,,,,54918.3251,2009hard,16.17,,,,1.237724178,,,,24.69584408,,,,,,,,,,,,,,,,
,,,,,,,,,,54919.29409,2009hard,16.18,,,,1.226376654,,,,24.46943122,,,,,,,,,,,,,,,,
,,,,,,,,,,54920.29896,2009hard,16.15,,,,1.260735188,,,,25.1549741,,,,,,,,,,,,,,,,
,,,,,,,,,,54921.36103,2009hard,16.56,,,,0.8642191282,,,,17.24343858,,,,,,,,,,,,,,,,
,,,,,,,,,,54922.30926,2009hard,16.24,,,,1.160443164,,,,23.15388514,,,,,,,,,,,,,,,,
,,,,,,,,,,54923.32806,2009hard,16.32,,,,1.078012693,,,,21.50918102,,,,,,,,,,,,,,,,
,,,,,,,,,,54924.29713,2009hard,16.26,,,,1.139262689,,,,22.73127911,,,,,,,,,,,,,,,,
,,,,,,,,,,54925.35051,2009hard,16.2,,,,1.203992758,,,,24.02281377,,,,,,,,,,,,,,,,
,,,,,,,,,,54926.2256,2009hard,16.21,,,,1.192954486,,,,23.80257129,,,,,,,,,,,,,,,,
,,,,,,,,,,54927.32699,2009hard,16.24,,,,1.160443164,,,,23.15388514,,,,,,,,,,,,,,,,
,,,,,,,,,,54928.31709,2009hard,16.33,,,,1.068129413,,,,21.31198366,,,,,,,,,,,,,,,,
,,,,,,,,,,54929.28119,2009hard,16.26,,,,1.139262689,,,,22.73127911,,,,,,,,,,,,,,,,
,,,,,,,,,,54930.39355,2009hard,16.48,,,,0.9303018285,,,,18.5619618,,,,,,,,,,,,,,,,
,,,,,,,,,,54931.31226,2009hard,16.26,,,,1.139262689,,,,22.73127911,,,,,,,,,,,,,,,,
,,,,,,,,,,54932.30084,2009hard,16.45,,,,0.9563654419,,,,19.08199925,,,,,,,,,,,,,,,,
,,,,,,,,,,54933.31201,2009hard,16.45,,,,0.9563654419,,,,19.08199925,,,,,,,,,,,,,,,,
,,,,,,,,,,54934.33907,2009hard,16.43,,,,0.9741456029,,,,19.43676011,,,,,,,,,,,,,,,,
,,,,,,,,,,54935.32596,2009hard,16.52,,,,0.896651903,,,,17.89055752,,,,,,,,,,,,,,,,
,,,,,,,,,,54936.28397,2009hard,16.46,,,,0.9475974308,,,,18.90705443,,,,,,,,,,,,,,,,
,,,,,,,,,,54937.27832,2009hard,16.58,,,,0.8484453514,,,,16.92871036,,,,,,,,,,,,,,,,
,,,,,,,,,,54938.3005,2009hard,16.45,,,,0.9563654419,,,,19.08199925,,,,,,,,,,,,,,,,
,,,,,,,,,,54939.29278,2009hard,16.56,,,,0.8642191282,,,,17.24343858,,,,,,,,,,,,,,,,
,,,,,,,,,,54940.21897,2009hard,16.49,,,,0.92177277,,,,18.39178471,,,,,,,,,,,,,,,,
,,,,,,,,,,54941.31818,2009hard,16.44,,,,0.9652145823,,,,19.25856282,,,,,,,,,,,,,,,,
,,,,,,,,,,54942.35727,2009hard,16.61,,,,0.8253228601,,,,16.46735601,,,,,,,,,,,,,,,,
,,,,,,,,,,54943.26588,2009hard,16.54,,,,0.8802861614,,,,17.56401804,,,,,,,,,,,,,,,,
,,,,,,,,,,54944.23928,2009hard,16.52,,,,0.896651903,,,,17.89055752,,,,,,,,,,,,,,,,
,,,,,,,,,,54946.36177,2009hard,16.6,,,,0.8329594785,,,,16.61972657,,,,,,,,,,,,,,,,
,,,,,,,,,,54947.29957,2009hard,16.45,,,,0.9563654419,,,,19.08199925,,,,,,,,,,,,,,,,
,,,,,,,,,,54948.28177,2009hard,16.5,,,,0.9133219065,,,,18.22316781,,,,,,,,,,,,,,,,
,,,,,,,,,,54949.30667,2009hard,16.52,,,,0.896651903,,,,17.89055752,,,,,,,,,,,,,,,,
,,,,,,,,,,54951.30459,2009hard,16.52,,,,0.896651903,,,,17.89055752,,,,,,,,,,,,,,,,
,,,,,,,,,,54953.3216,2009hard,16.68,,,,0.7737913571,,,,15.43916735,,,,,,,,,,,,,,,,
,,,,,,,,,,54954.30062,2009hard,16.52,,,,0.896651903,,,,17.89055752,,,,,,,,,,,,,,,,
,,,,,,,,,,54955.30827,2009hard,17.02,,,,0.5657491037,,,,11.28817866,,,,,,,,,,,,,,,,
,,,,,,,,,,54956.24581,2009hard,16.49,,,,0.92177277,,,,18.39178471,,,,,,,,,,,,,,,,
,,,,,,,,,,54959.33055,2009hard,16.56,,,,0.8642191282,,,,17.24343858,,,,,,,,,,,,,,,,
,,,,,,,,,,54960.38018,2009hard,16.54,,,,0.8802861614,,,,17.56401804,,,,,,,,,,,,,,,,
,,,,,,,,,,54961.25484,2009hard,16.51,,,,0.9049485209,,,,18.05609681,,,,,,,,,,,,,,,,
,,,,,,,,,,54962.32737,2009hard,16.68,,,,0.7737913571,,,,15.43916735,,,,,,,,,,,,,,,,
,,,,,,,,,,54964.24514,2009hard,16.49,,,,0.92177277,,,,18.39178471,,,,,,,,,,,,,,,,
,,,,,,,,,,54965.31938,2009hard,16.48,,,,0.9303018285,,,,18.5619618,,,,,,,,,,,,,,,,
,,,,,,,,,,54966.31743,2009hard,16.5,,,,0.9133219065,,,,18.22316781,,,,,,,,,,,,,,,,
,,,,,,,,,,54967.38642,2009hard,16.52,,,,0.896651903,,,,17.89055752,,,,,,,,,,,,,,,,
,,,,,,,,,,54968.25423,2009hard,16.46,,,,0.9475974308,,,,18.90705443,,,,,,,,,,,,,,,,
,,,,,,,,,,54969.29169,2009hard,16.56,,,,0.8642191282,,,,17.24343858,,,,,,,,,,,,,,,,
,,,,,,,,,,54970.32726,2009hard,16.54,,,,0.8802861614,,,,17.56401804,,,,,,,,,,,,,,,,
,,,,,,,,,,54971.31998,2009hard,16.49,,,,0.92177277,,,,18.39178471,,,,,,,,,,,,,,,,
,,,,,,,,,,54972.37442,2009hard,16.5,,,,0.9133219065,,,,18.22316781,,,,,,,,,,,,,,,,
,,,,,,,,,,54973.3391,2009hard,16.5,,,,0.9133219065,,,,18.22316781,,,,,,,,,,,,,,,,
,,,,,,,,,,54974.26405,2009hard,16.53,,,,0.888431349,,,,17.7265359,,,,,,,,,,,,,,,,
,,,,,,,,,,54975.19626,2009hard,16.49,,,,0.92177277,,,,18.39178471,,,,,,,,,,,,,,,,
,,,,,,,,,,54976.37612,2009hard,16.55,,,,0.8722156494,,,,17.40299016,,,,,,,,,,,,,,,,
,,,,,,,,,,54982.22028,2009hard,16.57,,,,0.8562959196,,,,17.08534979,,,,,,,,,,,,,,,,
,,,,,,,,,,54983.31096,2009hard,16.52,,,,0.896651903,,,,17.89055752,,,,,,,,,,,,,,,,
,,,,,,,,,,54984.25443,2009hard,16.43,,,,0.9741456029,,,,19.43676011,,,,,,,,,,,,,,,,
,,,,,,,,,,54985.31205,2009hard,16.53,,,,0.888431349,,,,17.7265359,,,,,,,,,,,,,,,,
,,,,,,,,,,54986.2073,2009hard,16.53,,,,0.888431349,,,,17.7265359,,,,,,,,,,,,,,,,
,,,,,,,,,,54987.2529,2009hard,16.58,,,,0.8484453514,,,,16.92871036,,,,,,,,,,,,,,,,
,,,,,,,,,,54988.14696,2009hard,16.42,,,,0.9831592612,,,,19.61660623,,,,,,,,,,,,,,,,
,,,,,,,,,,54989.19383,2009hard,16.59,,,,0.8406667577,,,,16.77350701,,,,,,,,,,,,,,,,
,,,,,,,,,,54990.30017,2009hard,16.57,,,,0.8562959196,,,,17.08534979,,,,,,,,,,,,,,,,
,,,,,,,,,,54991.25548,2009hard,16.58,,,,0.8484453514,,,,16.92871036,,,,,,,,,,,,,,,,
,,,,,,,,,,54992.22953,2009hard,16.71,,,,0.7527033944,,,,15.01840717,,,,,,,,,,,,,,,,
,,,,,,,,,,54993.21258,2009hard,16.58,,,,0.8484453514,,,,16.92871036,,,,,,,,,,,,,,,,
,,,,,,,,,,54994.29197,2009hard,16.73,,,,0.7389650092,,,,14.74429035,,,,,,,,,,,,,,,,
,,,,,,,,,,54995.2855,2009hard,16.62,,,,0.8177562547,,,,16.31638238,,,,,,,,,,,,,,,,
,,,,,,,,,,54998.13382,2009hard,16.82,,,,0.6801800262,,,,13.57137574,,,,,,,,,,,,,,,,
,,,,,,,,,,55003.31368,2009hard,16.77,,,,0.7122359233,,,,14.21097497,,,,,,,,,,,,,,,,
,,,,,,,,,,55004.19439,2009hard,16.69,,,,0.7666971953,,,,15.29762021,,,,,,,,,,,,,,,,
,,,,,,,,,,55005.22053,2009hard,16.84,,,,0.6677653416,,,,13.32367021,,,,,,,,,,,,,,,,
,,,,,,,,,,55007.12659,2009hard,16.88,,,,0.6436116172,,,,12.84174005,,,,,,,,,,,,,,,,
,,,,,,,,,,55008.0655,2009hard,16.76,,,,0.7188261611,,,,14.3424675,,,,,,,,,,,,,,,,
,,,,,,,,,,55010.14582,2009hard,16.87,,,,0.6495668822,,,,12.96056321,,,,,,,,,,,,,,,,
,,,,,,,,,,55012.16342,2009hard,16.93,,,,0.6146443227,,,,12.26376654,,,,,55011.34,0.00000000085644,,55011.75171,37.05306083,-1.818161725,35.41498459,-3.456237962,,,,
,,,,,,,,,,55013.04825,2009hard,16.88,,,,0.6436116172,,,,12.84174005,,,,,55013.33,0.0000000017918,,55013.18913,37.37365342,-1.497569135,35.43498459,-3.436237962,,,,