Source,d(kpc),d_err,Av,Av_err,M_BH,M_BH_err,Optical,Outburst,V_mag,Reddened flux (mJy),De-reddened flux (mJy),X-ray MJD,F_X_unabs,log(Lx_bol),log(Lx/L_Edd),log(L_opt),log(Lopt/L_Edd),optical lag,lag_err
GX_339-4,10.5,4.5,3.25,0.25,5.9,3.6,52350.22855,,,,,,,36.01069547,-2.860527088,35.15277069,-3.718451866,10,5
GX_339-4,10.5,4.5,3.25,0.25,5.9,3.6,52359.4941,,,,,,,36.80233738,-2.068885176,35.46077069,-3.410451866,10,5
GX_339-4,10.5,4.5,3.25,0.25,5.9,3.6,52366.47045,,,,,,,38.02168596,-0.849536595,35.77677069,-3.094451866,10,5
GX_339-4,10.5,4.5,3.25,0.25,5.9,3.6,52367.57605,,,,,,,38.19466823,-0.676554324,35.84877069,-3.022451866,10,5
GX_339-4,10.5,4.5,3.25,0.25,5.9,3.6,52371.4204,,,,,,,38.42317085,-0.448051705,36.04477069,-2.826451866,10,5
GX_339-4,10.5,4.5,3.25,0.25,5.9,3.6,52373.27485,,,,,,,38.61654602,-0.254676538,36.08077069,-2.790451866,10,5
GX_339-4,10.5,4.5,3.25,0.25,5.9,3.6,52382.23435,,,,,,,38.59933419,-0.271888365,36.14877069,-2.722451866,10,5
GX_339-4,10.5,4.5,3.25,0.25,5.9,3.6,52383.21765,,,,,,,38.60592917,-0.265293388,36.13677069,-2.734451866,10,5
GX_339-4,10.5,4.5,3.25,0.25,5.9,3.6,52384.22345,,,,,,,38.60949234,-0.261730216,36.09277069,-2.778451866,10,5
GX_339-4,10.5,4.5,3.25,0.25,5.9,3.6,52386.1875,,,,,,,38.61866066,-0.252561901,36.20077069,-2.670451866,10,5
GX_339-4,10.5,4.5,3.25,0.25,5.9,3.6,52388.19595,,,,,,,38.62708534,-0.244137218,36.18077069,-2.690451866,10,5
GX_339-4,10.5,4.5,3.25,0.25,5.9,3.6,52390.58745,,,,,,,38.65084534,-0.220377218,36.17677069,-2.694451866,10,5
GX_339-4,10.5,4.5,3.25,0.25,5.9,3.6,52391.35485,,,,,,,38.6453698,-0.225852754,36.20477069,-2.666451866,10,5
GX_339-4,10.5,4.5,3.25,0.25,5.9,3.6,52394.35545,,,,,,,38.6515617,-0.219660856,36.21677069,-2.654451866,10,5
GX_339-4,10.5,4.5,3.25,0.25,5.9,3.6,52398.98995,,,,,,,38.64197264,-0.229249917,36.12877069,-2.742451866,10,5
GX_339-4,10.5,4.5,3.25,0.25,5.9,3.6,52400.5303,,,,,,,38.60653924,-0.264683314,36.05277069,-2.818451866,10,5
GX_339-4,10.5,4.5,3.25,0.25,5.9,3.6,52763.27235,,,,,,,36.79402977,-2.077192791,35.29277069,-3.578451866,10,5
GX_339-4,10.5,4.5,3.25,0.25,5.9,3.6,52774.7784,,,,,,,36.50410747,-2.367115092,35.24877069,-3.622451866,10,5
GX_339-4,10.5,4.5,3.25,0.25,5.9,3.6,52784.14855,,,,,,,36.28053218,-2.590690375,35.12077069,-3.750451866,10,5
GX_339-4,10.5,4.5,3.25,0.25,5.9,3.6,53791.34719,2006hard,16.36,1.039019922,20.73117294,,,,,,,10,5
GX_339-4,10.5,4.5,3.25,0.25,5.9,3.6,53793.38012,2006hard,16.37,1.02949413,20.5411084,,,,,,,10,5
GX_339-4,10.5,4.5,3.25,0.25,5.9,3.6,53794.29747,2006hard,16.49,0.92177277,18.39178471,,,,,,,10,5
GX_339-4,10.5,4.5,3.25,0.25,5.9,3.6,53797.36444,2006hard,16.43,0.974145603,19.43676011,,,,,,,10,5
GX_339-4,10.5,4.5,3.25,0.25,5.9,3.6,53798.37129,2006hard,16.45,0.956365442,19.08199925,,,,,,,10,5
GX_339-4,10.5,4.5,3.25,0.25,5.9,3.6,53799.36097,2006hard,16.38,1.020055671,20.35278639,,,,,,,10,5
GX_339-4,10.5,4.5,3.25,0.25,5.9,3.6,53800.34844,2006hard,16.47,0.938909805,18.73371352,,,,,,,10,5
GX_339-4,10.5,4.5,3.25,0.25,5.9,3.6,53801.33019,2006hard,16.36,1.039019922,20.73117294,,,,,,,10,5
GX_339-4,10.5,4.5,3.25,0.25,5.9,3.6,53802.33103,2006hard,16.33,1.068129413,21.31198366,,,,,,,10,5
GX_339-4,10.5,4.5,3.25,0.25,5.9,3.6,53803.30736,2006hard,16.48,0.930301829,18.5619618,,,,,,,10,5
GX_339-4,10.5,4.5,3.25,0.25,5.9,3.6,53804.35205,2006hard,16.33,1.068129413,21.31198366,,,,,,,10,5
GX_339-4,10.5,4.5,3.25,0.25,5.9,3.6,53805.29526,2006hard,16.44,0.965214582,19.25856282,,,,,,,10,5
GX_339-4,10.5,4.5,3.25,0.25,5.9,3.6,53806.29845,2006hard,16.4,1.001437557,19.98130617,,,,,,,10,5
GX_339-4,10.5,4.5,3.25,0.25,5.9,3.6,53807.33189,2006hard,16.47,0.938909805,18.73371352,,,,,,,10,5
GX_339-4,10.5,4.5,3.25,0.25,5.9,3.6,53808.29069,2006hard,16.51,0.904948521,18.05609681,,,,,,,10,5
GX_339-4,10.5,4.5,3.25,0.25,5.9,3.6,53809.27884,2006hard,16.28,1.118468802,22.31638651,,,,,,,10,5
GX_339-4,10.5,4.5,3.25,0.25,5.9,3.6,53810.28796,2006hard,16.46,0.947597431,18.90705443,,,,,,,10,5
GX_339-4,10.5,4.5,3.25,0.25,5.9,3.6,53811.28695,2006hard,16.52,0.896651903,17.89055752,,,,,,,10,5
GX_339-4,10.5,4.5,3.25,0.25,5.9,3.6,53812.33974,2006hard,16.36,1.039019922,20.73117294,,,,,,,10,5
GX_339-4,10.5,4.5,3.25,0.25,5.9,3.6,53813.31516,2006hard,16.33,1.068129413,21.31198366,,,,,,,10,5
GX_339-4,10.5,4.5,3.25,0.25,5.9,3.6,53814.29284,2006hard,16.26,1.139262689,22.73127911,,,,,,,10,5
GX_339-4,10.5,4.5,3.25,0.25,5.9,3.6,53815.34494,2006hard,16.44,0.965214582,19.25856282,,,,,,,10,5
GX_339-4,10.5,4.5,3.25,0.25,5.9,3.6,53816.32434,2006hard,16.34,1.058336744,21.11659422,,,,,,,10,5
GX_339-4,10.5,4.5,3.25,0.25,5.9,3.6,53817.34149,2006hard,16.32,1.078012693,21.50918102,,,,,,,10,5
GX_339-4,10.5,4.5,3.25,0.25,5.9,3.6,53818.3218,2006hard,16.37,1.02949413,20.5411084,,,,,,,10,5
GX_339-4,10.5,4.5,3.25,0.25,5.9,3.6,53819.23892,2006hard,16.3,1.098054446,21.90906655,,,,,,,10,5
GX_339-4,10.5,4.5,3.25,0.25,5.9,3.6,53820.30027,2006hard,16.36,1.039019922,20.73117294,,,,,,,10,5
GX_339-4,10.5,4.5,3.25,0.25,5.9,3.6,53821.32369,2006hard,16.31,1.087987422,21.70820302,,,,,,,10,5
GX_339-4,10.5,4.5,3.25,0.25,5.9,3.6,53822.29826,2006hard,16.33,1.068129413,21.31198366,,,,,,,10,5
GX_339-4,10.5,4.5,3.25,0.25,5.9,3.6,53823.31865,2006hard,16.26,1.139262689,22.73127911,,,,,,,10,5
GX_339-4,10.5,4.5,3.25,0.25,5.9,3.6,53824.32971,2006hard,16.47,0.938909805,18.73371352,,,,,,,10,5
GX_339-4,10.5,4.5,3.25,0.25,5.9,3.6,53826.28222,2006hard,16.22,1.182017413,23.584348,,,,,,,10,5
GX_339-4,10.5,4.5,3.25,0.25,5.9,3.6,53827.35266,2006hard,16.31,1.087987422,21.70820302,,,,,,,10,5
GX_339-4,10.5,4.5,3.25,0.25,5.9,3.6,53828.30689,2006hard,16.43,0.974145603,19.43676011,,,,,,,10,5
GX_339-4,10.5,4.5,3.25,0.25,5.9,3.6,53829.27271,2006hard,16.46,0.947597431,18.90705443,,,,,,,10,5
GX_339-4,10.5,4.5,3.25,0.25,5.9,3.6,53831.19111,2006hard,16.32,1.078012693,21.50918102,,,,,,,10,5
GX_339-4,10.5,4.5,3.25,0.25,5.9,3.6,53832.27987,2006hard,16.2,1.203992758,24.02281377,,,,,,,10,5
GX_339-4,10.5,4.5,3.25,0.25,5.9,3.6,53833.29154,2006hard,16.3,1.098054446,21.90906655,,,,,,,10,5
GX_339-4,10.5,4.5,3.25,0.25,5.9,3.6,53834.28252,2006hard,16.28,1.118468802,22.31638651,,,,,,,10,5
GX_339-4,10.5,4.5,3.25,0.25,5.9,3.6,53835.25177,2006hard,16.34,1.058336744,21.11659422,,,,,,,10,5
GX_339-4,10.5,4.5,3.25,0.25,5.9,3.6,53836.19285,2006hard,16.38,1.020055671,20.35278639,,,,,,,10,5
GX_339-4,10.5,4.5,3.25,0.25,5.9,3.6,53837.25092,2006hard,16.43,0.974145603,19.43676011,,,,,,,10,5
GX_339-4,10.5,4.5,3.25,0.25,5.9,3.6,53839.24994,2006hard,16.39,1.010703744,20.16619092,,,,,,,10,5
GX_339-4,10.5,4.5,3.25,0.25,5.9,3.6,53841.27951,2006hard,16.45,0.956365442,19.08199925,,,,,,,10,5
GX_339-4,10.5,4.5,3.25,0.25,5.9,3.6,53844.3551,2006hard,16.33,1.068129413,21.31198366,,,,,,,10,5
GX_339-4,10.5,4.5,3.25,0.25,5.9,3.6,53845.28854,2006hard,16.37,1.02949413,20.5411084,,,,,,,10,5
GX_339-4,10.5,4.5,3.25,0.25,5.9,3.6,53846.25368,2006hard,16.4,1.001437557,19.98130617,,,,,,,10,5
GX_339-4,10.5,4.5,3.25,0.25,5.9,3.6,53847.24959,2006hard,16.43,0.974145603,19.43676011,,,,,,,10,5
GX_339-4,10.5,4.5,3.25,0.25,5.9,3.6,53848.25105,2006hard,16.34,1.058336744,21.11659422,,,,,,,10,5
GX_339-4,10.5,4.5,3.25,0.25,5.9,3.6,53849.22357,2006hard,16.59,0.840666758,16.77350701,,,,,,,10,5
GX_339-4,10.5,4.5,3.25,0.25,5.9,3.6,53851.24208,2006hard,16.48,0.930301829,18.5619618,,,,,,,10,5
GX_339-4,10.5,4.5,3.25,0.25,5.9,3.6,53852.29487,2006hard,16.42,0.983159261,19.61660623,,,,,,,10,5
GX_339-4,10.5,4.5,3.25,0.25,5.9,3.6,53853.30892,2006hard,16.45,0.956365442,19.08199925,,,,,,,10,5
GX_339-4,10.5,4.5,3.25,0.25,5.9,3.6,53854.32056,2006hard,16.55,0.872215649,17.40299016,,,,,,,10,5
GX_339-4,10.5,4.5,3.25,0.25,5.9,3.6,53855.31466,2006hard,16.51,0.904948521,18.05609681,,,,,,,10,5
GX_339-4,10.5,4.5,3.25,0.25,5.9,3.6,53856.30684,2006hard,16.51,0.904948521,18.05609681,,,,,,,10,5
GX_339-4,10.5,4.5,3.25,0.25,5.9,3.6,53858.27983,2006hard,16.74,0.732190137,14.60911388,,,,,,,10,5
GX_339-4,10.5,4.5,3.25,0.25,5.9,3.6,53860.17291,2006hard,16.65,0.795470127,15.87171566,53860.99,2.09E-09,37.44007358,-1.431148973,35.52698459,-3.344237962,10,5
GX_339-4,10.5,4.5,3.25,0.25,5.9,3.6,53862.25776,2006hard,16.66,0.788177213,15.7262029,,,,,,,10,5
GX_339-4,10.5,4.5,3.25,0.25,5.9,3.6,53863.17171,2006hard,16.7,0.759668073,15.15737078,,,,,,,10,5
GX_339-4,10.5,4.5,3.25,0.25,5.9,3.6,53866.20759,2006hard,16.72,0.745802568,14.88071759,,,,,,,10,5
GX_339-4,10.5,4.5,3.25,0.25,5.9,3.6,53867.19719,2006hard,16.86,0.655577251,13.08048583,,,,,,,10,5
GX_339-4,10.5,4.5,3.25,0.25,5.9,3.6,53868.17256,2006hard,16.91,0.626071414,12.49176699,,,,,,,10,5
GX_339-4,10.5,4.5,3.25,0.25,5.9,3.6,53869.12377,2006hard,16.72,0.745802568,14.88071759,53869.62,1.18E-09,37.19173033,-1.679492231,35.49898459,-3.372237962,10,5
GX_339-4,10.5,4.5,3.25,0.25,5.9,3.6,53871.25111,2006hard,16.88,0.643611617,12.84174005,,,,,,,10,5
GX_339-4,10.5,4.5,3.25,0.25,5.9,3.6,53872.2175,2006hard,16.93,0.614644323,12.26376654,,,,,,,10,5
GX_339-4,10.5,4.5,3.25,0.25,5.9,3.6,53873.26196,2006hard,16.85,0.661643232,13.20151807,,,,,,,10,5
GX_339-4,10.5,4.5,3.25,0.25,5.9,3.6,53874.18043,2006hard,17.12,0.515969315,10.2949413,,,,,,,10,5
GX_339-4,10.5,4.5,3.25,0.25,5.9,3.6,53875.06568,2006hard,16.98,0.586980771,11.71180613,,,,,,,10,5
GX_339-4,10.5,4.5,3.25,0.25,5.9,3.6,53876.19455,2006hard,17.02,0.565749104,11.28817866,53876.25,5.48E-10,36.85876388,-2.01245868,35.37898459,-3.492237962,10,5
GX_339-4,10.5,4.5,3.25,0.25,5.9,3.6,53877.22498,2006hard,17.02,0.565749104,11.28817866,,,,,,,10,5
GX_339-4,10.5,4.5,3.25,0.25,5.9,3.6,53881.25473,2006hard,17.32,0.429164583,8.562959196,,,,,,,10,5
GX_339-4,10.5,4.5,3.25,0.25,5.9,3.6,53882.21915,2006hard,17.31,0.433135594,8.642191282,,,,,,,10,5
GX_339-4,10.5,4.5,3.25,0.25,5.9,3.6,53886.14795,2006hard,17.38,0.406091477,8.102590203,,,,,,,10,5
GX_339-4,10.5,4.5,3.25,0.25,5.9,3.6,53890.09629,2006hard,17.56,0.344051832,6.864736545,,,,,,,10,5
GX_339-4,10.5,4.5,3.25,0.25,5.9,3.6,53891.14164,2006hard,17.62,0.325554629,6.495668822,,,,,,,10,5
GX_339-4,10.5,4.5,3.25,0.25,5.9,3.6,53893.02864,2006hard,17.97,0.23584348,4.70569608,,,,,,,10,5
GX_339-4,10.5,4.5,3.25,0.25,5.9,3.6,53896.09607,2006hard,17.77,0.283546228,5.657491037,,,,,,,10,5
GX_339-4,10.5,4.5,3.25,0.25,5.9,3.6,53900.16715,2006hard,18.28,0.177265359,3.536908906,,,,,,,10,5
GX_339-4,10.5,4.5,3.25,0.25,5.9,3.6,53901.07466,2006hard,18.22,0.187337135,3.73786726,,,,,,,10,5
GX_339-4,10.5,4.5,3.25,0.25,5.9,3.6,53902.082,2006hard,18.54,0.139515955,2.783709263,,,,,,,10,5
GX_339-4,10.5,4.5,3.25,0.25,5.9,3.6,53903.10672,2006hard,18.37,0.163163824,3.255546288,,,,,,,10,5
GX_339-4,10.5,4.5,3.25,0.25,5.9,3.6,53904.26266,2006hard,18.41,0.157262029,3.13779,,,,,,,10,5
GX_339-4,10.5,4.5,3.25,0.25,5.9,3.6,53905.20794,2006hard,18.55,0.138236865,2.758188063,,,,,,,10,5
GX_339-4,10.5,4.5,3.25,0.25,5.9,3.6,53906.20108,2006hard,18.73,0.117118061,2.33681254,,,,,,,10,5
GX_339-4,10.5,4.5,3.25,0.25,5.9,3.6,53907.16534,2006hard,18.33,0.169287104,3.377721782,,,,,,,10,5
GX_339-4,10.5,4.5,3.25,0.25,5.9,3.6,53908.1005,2006hard,18.56,0.136969501,2.732900843,,,,,,,10,5
GX_339-4,10.5,4.5,3.25,0.25,5.9,3.6,53909.17272,2006hard,18.75,0.114980416,2.294160905,,,,,,,10,5
GX_339-4,10.5,4.5,3.25,0.25,5.9,3.6,53911.15458,2006hard,18.87,0.102949413,2.05411084,,,,,,,10,5
GX_339-4,10.5,4.5,3.25,0.25,5.9,3.6,53912.26481,2006hard,18.88,0.102005567,2.035278639,,,,,,,10,5
GX_339-4,10.5,4.5,3.25,0.25,5.9,3.6,53914.21202,2006hard,19.06,0.086421913,1.724343858,,,,,,,10,5
GX_339-4,10.5,4.5,3.25,0.25,5.9,3.6,53915.24814,2006hard,19.37,0.064956688,1.296056321,,,,,,,10,5
GX_339-4,10.5,4.5,3.25,0.25,5.9,3.6,53916.20543,2006hard,19.26,0.071882616,1.43424675,,,,,,,10,5
GX_339-4,10.5,4.5,3.25,0.25,5.9,3.6,53918.20827,2006hard,19.36,0.065557725,1.308048583,,,,,,,10,5
GX_339-4,10.5,4.5,3.25,0.25,5.9,3.6,53920.10617,2006hard,19.55,0.055033087,1.098054446,,,,,,,10,5
GX_339-4,10.5,4.5,3.25,0.25,5.9,3.6,53921.18237,2006hard,19.35,0.066164323,1.320151807,,,,,,,10,5
GX_339-4,10.5,4.5,3.25,0.25,5.9,3.6,53922.12467,2006hard,19.49,0.05815993,1.160443164,,,,,,,10,5
GX_339-4,10.5,4.5,3.25,0.25,5.9,3.6,53931.19518,2006hard,19.81,0.043313559,0.864219128,,,,,,,10,5
GX_339-4,10.5,4.5,3.25,0.25,5.9,3.6,53932.10573,2006hard,19.72,0.047056961,0.938909805,,,,,,,10,5
GX_339-4,10.5,4.5,3.25,0.25,5.9,3.6,53934.08058,2006hard,20.8,0.01740299,0.347235304,,,,,,,10,5
GX_339-4,10.5,4.5,3.25,0.25,5.9,3.6,53935.09729,2006hard,19.87,0.0409849,0.817756255,,,,,,,10,5
GX_339-4,10.5,4.5,3.25,0.25,5.9,3.6,53936.02769,2006hard,19.84,0.042133145,0.840666758,,,,,,,10,5
GX_339-4,10.5,4.5,3.25,0.25,5.9,3.6,53937.11228,2006hard,19.98,0.037035983,0.738965009,,,,,,,10,5
GX_339-4,10.5,4.5,3.25,0.25,5.9,3.6,53941.13708,2006hard,19.5,0.057626716,1.149804157,,,,,,,10,5
GX_339-4,10.5,4.5,3.25,0.25,5.9,3.6,53945.08445,2006hard,19.73,0.04662554,0.930301829,,,,,,,10,5
GX_339-4,10.5,4.5,3.25,0.25,5.9,3.6,53946.17631,2006hard,19.64,0.050655181,1.010703744,,,,,,,10,5
GX_339-4,10.5,4.5,3.25,0.25,5.9,3.6,53968.09286,2006hard,20.13,0.032256993,0.643611617,,,,,,,10,5
GX_339-4,10.5,4.5,3.25,0.25,5.9,3.6,53969.16527,2006hard,19.4,0.063186438,1.260735188,,,,,,,10,5
GX_339-4,10.5,4.5,3.25,0.25,5.9,3.6,53980.05282,2006hard,19.16,0.078817721,1.57262029,,,,,,,10,5
GX_339-4,10.5,4.5,3.25,0.25,5.9,3.6,53981.00788,2006hard,19.34,0.066776534,1.332367021,,,,,,,10,5
GX_339-4,10.5,4.5,3.25,0.25,5.9,3.6,53982.05032,2006hard,19.29,0.069923615,1.395159545,,,,,,,10,5
GX_339-4,10.5,4.5,3.25,0.25,5.9,3.6,53986.01505,2006hard,19.8,0.043714335,0.872215649,,,,,,,10,5
GX_339-4,10.5,4.5,3.25,0.25,5.9,3.6,53987.00603,2006hard,19.62,0.051596931,1.02949413,,,,,,,10,5
GX_339-4,10.5,4.5,3.25,0.25,5.9,3.6,53988.00258,2006hard,19.45,0.06034258,1.203992758,,,,,,,10,5
GX_339-4,10.5,4.5,3.25,0.25,5.9,3.6,53990.99568,2006hard,19.63,0.051123888,1.020055671,,,,,,,10,5
GX_339-4,10.5,4.5,3.25,0.25,5.9,3.6,53993.08012,2006hard,19.99,0.036696435,0.732190137,,,,,,,10,5
GX_339-4,10.5,4.5,3.25,0.25,5.9,3.6,53994.05123,2006hard,19.29,0.069923615,1.395159545,,,,,,,10,5
GX_339-4,10.5,4.5,3.25,0.25,5.9,3.6,53995.04991,2006hard,19.77,0.044939049,0.896651903,,,,,,,10,5
GX_339-4,10.5,4.5,3.25,0.25,5.9,3.6,53996.07123,2006hard,19.27,0.071223592,1.421097497,,,,,,,10,5
GX_339-4,10.5,4.5,3.25,0.25,5.9,3.6,53998.03027,2006hard,19.61,0.052074352,1.039019922,,,,,,,10,5
GX_339-4,10.5,4.5,3.25,0.25,5.9,3.6,53999.02419,2006hard,19.34,0.066776534,1.332367021,,,,,,,10,5
GX_339-4,10.5,4.5,3.25,0.25,5.9,3.6,54000.99565,2006hard,19.2,0.075966807,1.515737078,,,,,,,10,5
GX_339-4,10.5,4.5,3.25,0.25,5.9,3.6,54001.98055,2006hard,19.48,0.058698077,1.171180613,,,,,,,10,5
GX_339-4,10.5,4.5,3.25,0.25,5.9,3.6,54002.99682,2006hard,19.39,0.063771095,1.272400627,,,,,,,10,5
GX_339-4,10.5,4.5,3.25,0.25,5.9,3.6,54004.00762,2006hard,19.59,0.053042487,1.058336744,,,,,,,10,5
GX_339-4,10.5,4.5,3.25,0.25,5.9,3.6,54005.06195,2006hard,19.36,0.065557725,1.308048583,,,,,,,10,5
GX_339-4,10.5,4.5,3.25,0.25,5.9,3.6,54005.99823,2006hard,20.1,0.033160714,0.661643232,,,,,,,10,5
GX_339-4,10.5,4.5,3.25,0.25,5.9,3.6,54007.00055,2006hard,19.48,0.058698077,1.171180613,,,,,,,10,5
GX_339-4,10.5,4.5,3.25,0.25,5.9,3.6,54008.02532,2006hard,19.18,0.077379136,1.543916735,,,,,,,10,5
GX_339-4,10.5,4.5,3.25,0.25,5.9,3.6,54011.00145,2006hard,18.6,0.132015181,2.634049151,,,,,,,10,5
GX_339-4,10.5,4.5,3.25,0.25,5.9,3.6,54012.00984,2006hard,18.59,0.133236702,2.658421708,,,,,,,10,5
GX_339-4,10.5,4.5,3.25,0.25,5.9,3.6,54013.00552,2006hard,18.93,0.09741456,1.943676011,,,,,,,10,5
GX_339-4,10.5,4.5,3.25,0.25,5.9,3.6,54015.00263,2006hard,19.12,0.081775625,1.631638238,,,,,,,10,5
GX_339-4,10.5,4.5,3.25,0.25,5.9,3.6,54016.00117,2006hard,19.23,0.073896501,1.474429035,,,,,,,10,5
GX_339-4,10.5,4.5,3.25,0.25,5.9,3.6,54018.01289,2006hard,20.28,0.028094666,0.560562285,,,,,,,10,5
GX_339-4,10.5,4.5,3.25,0.25,5.9,3.6,54019.01475,2006hard,19.67,0.049274687,0.983159261,,,,,,,10,5
GX_339-4,10.5,4.5,3.25,0.25,5.9,3.6,54367.01246,2008hard,16.84,0.667765342,13.32367021,54366.99,3.12E-09,37.61478288,-1.25643968,35.45098459,-3.420237962,10,5
GX_339-4,10.5,4.5,3.25,0.25,5.9,3.6,54368.98376,2008hard,16.81,0.686473655,13.69695013,,,,,,,10,5
GX_339-4,10.5,4.5,3.25,0.25,5.9,3.6,54369.98266,2008hard,16.94,0.60900923,12.15133166,,,,,,,10,5
GX_339-4,10.5,4.5,3.25,0.25,5.9,3.6,54371.01582,2008hard,16.83,0.673944098,13.44695262,,,,,,,10,5
GX_339-4,10.5,4.5,3.25,0.25,5.9,3.6,54371.99358,2008hard,16.81,0.686473655,13.69695013,,,,,,,10,5
GX_339-4,10.5,4.5,3.25,0.25,5.9,3.6,54372.99951,2008hard,16.91,0.626071414,12.49176699,,,,,,,10,5
GX_339-4,10.5,4.5,3.25,0.25,5.9,3.6,54375.00653,2008hard,16.94,0.60900923,12.15133166,54374.95,9.29E-10,37.08858058,-1.782641981,35.41098459,-3.460237962,10,5
GX_339-4,10.5,4.5,3.25,0.25,5.9,3.6,54498.38162,2008hard,17.19,0.483753226,9.652145823,54497.73,3.09E-10,36.60963313,-2.261589422,35.31098459,-3.560237962,10,5
GX_339-4,10.5,4.5,3.25,0.25,5.9,3.6,54499.36945,2008hard,16.96,0.597893559,11.92954486,,,,,,,10,5
GX_339-4,10.5,4.5,3.25,0.25,5.9,3.6,54501.3716,2008hard,16.94,0.60900923,12.15133166,,,,,,,10,5
GX_339-4,10.5,4.5,3.25,0.25,5.9,3.6,54502.35013,2008hard,17.19,0.483753226,9.652145823,,,,,,,10,5
GX_339-4,10.5,4.5,3.25,0.25,5.9,3.6,54502.35901,2008hard,17.02,0.565749104,11.28817866,,,,,,,10,5
GX_339-4,10.5,4.5,3.25,0.25,5.9,3.6,54503.36363,2008hard,17.16,0.497306201,9.922563218,,,,,,,10,5
GX_339-4,10.5,4.5,3.25,0.25,5.9,3.6,54506.34846,2008hard,17.15,0.501907719,10.01437557,,,,,,,10,5
GX_339-4,10.5,4.5,3.25,0.25,5.9,3.6,54507.36527,2008hard,17.23,0.4662554,9.303018285,,,,,,,10,5
GX_339-4,10.5,4.5,3.25,0.25,5.9,3.6,54508.3678,2008hard,17.19,0.483753226,9.652145823,,,,,,,10,5
GX_339-4,10.5,4.5,3.25,0.25,5.9,3.6,54509.35058,2008hard,17.32,0.429164583,8.562959196,,,,,,,10,5
GX_339-4,10.5,4.5,3.25,0.25,5.9,3.6,54510.3555,2008hard,17.33,0.425229979,8.484453514,,,,,,,10,5
GX_339-4,10.5,4.5,3.25,0.25,5.9,3.6,54511.34928,2008hard,17.21,0.474923735,9.475974308,,,,,,,10,5
GX_339-4,10.5,4.5,3.25,0.25,5.9,3.6,54512.34762,2008hard,17.14,0.506551814,10.10703744,,,,,,,10,5
GX_339-4,10.5,4.5,3.25,0.25,5.9,3.6,54514.34005,2008hard,17.08,0.535332826,10.68129413,,,,,,,10,5
GX_339-4,10.5,4.5,3.25,0.25,5.9,3.6,54515.33569,2008hard,17.35,0.417468657,8.329594785,,,,,,,10,5
GX_339-4,10.5,4.5,3.25,0.25,5.9,3.6,54516.32695,2008hard,17.19,0.483753226,9.652145823,,,,,,,10,5
GX_339-4,10.5,4.5,3.25,0.25,5.9,3.6,54517.33488,2008hard,17.21,0.474923735,9.475974308,,,,,,,10,5
GX_339-4,10.5,4.5,3.25,0.25,5.9,3.6,54518.33839,2008hard,17.41,0.395024357,7.881772125,,,,,,,10,5
GX_339-4,10.5,4.5,3.25,0.25,5.9,3.6,54519.33474,2008hard,17.28,0.44527045,8.88431349,,,,,,,10,5
GX_339-4,10.5,4.5,3.25,0.25,5.9,3.6,54520.37049,2008hard,17.23,0.4662554,9.303018285,,,,,,,10,5
GX_339-4,10.5,4.5,3.25,0.25,5.9,3.6,54521.34593,2008hard,16.51,0.904948521,18.05609681,,,,,,,10,5
GX_339-4,10.5,4.5,3.25,0.25,5.9,3.6,54522.35819,2008hard,17.32,0.429164583,8.562959196,,,,,,,10,5
GX_339-4,10.5,4.5,3.25,0.25,5.9,3.6,54525.37494,2008hard,17.39,0.402368408,8.028305209,,,,,,,10,5
GX_339-4,10.5,4.5,3.25,0.25,5.9,3.6,54526.38282,2008hard,17.68,0.308051888,6.146443227,,,,,,,10,5
GX_339-4,10.5,4.5,3.25,0.25,5.9,3.6,54536.3333,2008hard,17.62,0.325554629,6.495668822,,,,,,,10,5
GX_339-4,10.5,4.5,3.25,0.25,5.9,3.6,54538.22577,2008hard,17.74,0.291490144,5.815992992,,,,,,,10,5
GX_339-4,10.5,4.5,3.25,0.25,5.9,3.6,54539.26032,2008hard,17.65,0.316682361,6.318643813,,,,,,,10,5
GX_339-4,10.5,4.5,3.25,0.25,5.9,3.6,54540.236,2008hard,17.59,0.334675464,6.677653416,,,,,,,10,5
GX_339-4,10.5,4.5,3.25,0.25,5.9,3.6,54541.35494,2008hard,17.88,0.2562264,5.112388798,,,,,,,10,5
GX_339-4,10.5,4.5,3.25,0.25,5.9,3.6,54542.35757,2008hard,17.74,0.291490144,5.815992992,,,,,,,10,5
GX_339-4,10.5,4.5,3.25,0.25,5.9,3.6,54543.37934,2008hard,17.83,0.268301978,5.353328259,,,,,,,10,5
GX_339-4,10.5,4.5,3.25,0.25,5.9,3.6,54544.22562,2008hard,17.45,0.38073594,7.596680732,,,,,,,10,5
GX_339-4,10.5,4.5,3.25,0.25,5.9,3.6,54545.24744,2008hard,17.93,0.244694312,4.882293399,,,,,,,10,5
GX_339-4,10.5,4.5,3.25,0.25,5.9,3.6,54546.26143,2008hard,18.11,0.207311729,4.136412811,,,,,,,10,5
GX_339-4,10.5,4.5,3.25,0.25,5.9,3.6,54547.33673,2008hard,17.92,0.246958441,4.927468703,,,,,,,10,5
GX_339-4,10.5,4.5,3.25,0.25,5.9,3.6,54548.32068,2008hard,18.11,0.207311729,4.136412811,,,,,,,10,5
GX_339-4,10.5,4.5,3.25,0.25,5.9,3.6,54550.25122,2008hard,17.87,0.258597234,5.159693149,,,,,,,10,5
GX_339-4,10.5,4.5,3.25,0.25,5.9,3.6,54551.33716,2008hard,18.04,0.221117887,4.41188186,,,,,,,10,5
GX_339-4,10.5,4.5,3.25,0.25,5.9,3.6,54552.32395,2008hard,18.08,0.213119837,4.252299786,,,,,,,10,5
GX_339-4,10.5,4.5,3.25,0.25,5.9,3.6,54553.34689,2008hard,17.96,0.238025713,4.749237349,,,,,,,10,5
GX_339-4,10.5,4.5,3.25,0.25,5.9,3.6,54554.35594,2008hard,18,0.229416091,4.577452797,,,,,,,10,5
GX_339-4,10.5,4.5,3.25,0.25,5.9,3.6,54555.3598,2008hard,18.07,0.21509181,4.291645831,,,,,,,10,5
GX_339-4,10.5,4.5,3.25,0.25,5.9,3.6,54556.32746,2008hard,18.13,0.203527864,4.060914769,,,,,,,10,5
GX_339-4,10.5,4.5,3.25,0.25,5.9,3.6,54557.28975,2008hard,18.15,0.199813062,3.986794721,,,,,,,10,5
GX_339-4,10.5,4.5,3.25,0.25,5.9,3.6,54558.33909,2008hard,18.16,0.197981165,3.950243567,,,,,,,10,5
GX_339-4,10.5,4.5,3.25,0.25,5.9,3.6,54559.35609,2008hard,18.06,0.21708203,4.331355941,,,,,,,10,5
GX_339-4,10.5,4.5,3.25,0.25,5.9,3.6,54560.34534,2008hard,18.1,0.209229961,4.174686568,,,,,,,10,5
GX_339-4,10.5,4.5,3.25,0.25,5.9,3.6,54561.20842,2008hard,18.26,0.180560968,3.602664952,,,,,,,10,5
GX_339-4,10.5,4.5,3.25,0.25,5.9,3.6,54562.24501,2008hard,18.14,0.201661909,4.023684079,,,,,,,10,5
GX_339-4,10.5,4.5,3.25,0.25,5.9,3.6,54566.31614,2008hard,17.95,0.240228138,4.793181501,,,,,,,10,5
GX_339-4,10.5,4.5,3.25,0.25,5.9,3.6,54567.32998,2008hard,18.16,0.197981165,3.950243567,,,,,,,10,5
GX_339-4,10.5,4.5,3.25,0.25,5.9,3.6,54569.34508,2008hard,18.24,0.183917847,3.669643494,,,,,,,10,5
GX_339-4,10.5,4.5,3.25,0.25,5.9,3.6,54571.23118,2008hard,18.28,0.177265359,3.536908906,,,,,,,10,5
GX_339-4,10.5,4.5,3.25,0.25,5.9,3.6,54572.31762,2008hard,18.13,0.203527864,4.060914769,,,,,,,10,5
GX_339-4,10.5,4.5,3.25,0.25,5.9,3.6,54573.30411,2008hard,18.34,0.16773507,3.346754643,,,,,,,10,5
GX_339-4,10.5,4.5,3.25,0.25,5.9,3.6,54574.323,2008hard,17.82,0.270784546,5.402861995,,,,,,,10,5
GX_339-4,10.5,4.5,3.25,0.25,5.9,3.6,54575.28561,2008hard,18.32,0.170853498,3.408975457,,,,,,,10,5
GX_339-4,10.5,4.5,3.25,0.25,5.9,3.6,54576.35793,2008hard,18.34,0.16773507,3.346754643,,,,,,,10,5
GX_339-4,10.5,4.5,3.25,0.25,5.9,3.6,54577.32905,2008hard,18.34,0.16773507,3.346754643,,,,,,,10,5
GX_339-4,10.5,4.5,3.25,0.25,5.9,3.6,54578.23755,2008hard,18.08,0.213119837,4.252299786,,,,,,,10,5
GX_339-4,10.5,4.5,3.25,0.25,5.9,3.6,54579.27963,2008hard,18.38,0.161667929,3.22569926,,,,,,,10,5
GX_339-4,10.5,4.5,3.25,0.25,5.9,3.6,54580.27117,2008hard,18.36,0.16467356,3.285669486,,,,,,,10,5
GX_339-4,10.5,4.5,3.25,0.25,5.9,3.6,54581.32839,2008hard,17.94,0.242450941,4.837532264,,,,,,,10,5
GX_339-4,10.5,4.5,3.25,0.25,5.9,3.6,54582.34053,2008hard,17.98,0.233681254,4.662553999,,,,,,,10,5
GX_339-4,10.5,4.5,3.25,0.25,5.9,3.6,54583.3405,2008hard,18.12,0.205411084,4.098489951,,,,,,,10,5
GX_339-4,10.5,4.5,3.25,0.25,5.9,3.6,54584.34634,2008hard,18.36,0.16467356,3.285669486,,,,,,,10,5
GX_339-4,10.5,4.5,3.25,0.25,5.9,3.6,54587.35508,2008hard,17.97,0.23584348,4.70569608,,,,,,,10,5
GX_339-4,10.5,4.5,3.25,0.25,5.9,3.6,54588.35027,2008hard,17.71,0.299656619,5.978935586,,,,,,,10,5
GX_339-4,10.5,4.5,3.25,0.25,5.9,3.6,54589.27004,2008hard,18.11,0.207311729,4.136412811,,,,,,,10,5
GX_339-4,10.5,4.5,3.25,0.25,5.9,3.6,54590.14325,2008hard,17.9,0.251549741,5.019077186,,,,,,,10,5
GX_339-4,10.5,4.5,3.25,0.25,5.9,3.6,54591.33594,2008hard,18.06,0.21708203,4.331355941,,,,,,,10,5
GX_339-4,10.5,4.5,3.25,0.25,5.9,3.6,54592.31158,2008hard,18.27,0.178905575,3.569635521,,,,,,,10,5
GX_339-4,10.5,4.5,3.25,0.25,5.9,3.6,54593.23428,2008hard,18.2,0.190819993,3.807359401,,,,,,,10,5
GX_339-4,10.5,4.5,3.25,0.25,5.9,3.6,54594.27644,2008hard,18.13,0.203527864,4.060914769,,,,,,,10,5
GX_339-4,10.5,4.5,3.25,0.25,5.9,3.6,54595.0942,2008hard,17.93,0.244694312,4.882293399,,,,,,,10,5
GX_339-4,10.5,4.5,3.25,0.25,5.9,3.6,54596.22318,2008hard,18.32,0.170853498,3.408975457,,,,,,,10,5
GX_339-4,10.5,4.5,3.25,0.25,5.9,3.6,54597.21167,2008hard,17.96,0.238025713,4.749237349,,,,,,,10,5
GX_339-4,10.5,4.5,3.25,0.25,5.9,3.6,54598.23182,2008hard,18.2,0.190819993,3.807359401,,,,,,,10,5
GX_339-4,10.5,4.5,3.25,0.25,5.9,3.6,54599.29218,2008hard,18.01,0.227312791,4.535486458,,,,,,,10,5
GX_339-4,10.5,4.5,3.25,0.25,5.9,3.6,54600.25435,2008hard,17.68,0.308051888,6.146443227,,,,,,,10,5
GX_339-4,10.5,4.5,3.25,0.25,5.9,3.6,54601.23697,2008hard,18.12,0.205411084,4.098489951,,,,,,,10,5
GX_339-4,10.5,4.5,3.25,0.25,5.9,3.6,54602.34038,2008hard,17.99,0.231538851,4.619807447,,,,,,,10,5
GX_339-4,10.5,4.5,3.25,0.25,5.9,3.6,54606.24959,2008hard,17.81,0.273290084,5.452854062,,,,,,,10,5
GX_339-4,10.5,4.5,3.25,0.25,5.9,3.6,54608.37371,2008hard,17.94,0.242450941,4.837532264,,,,,,,10,5
GX_339-4,10.5,4.5,3.25,0.25,5.9,3.6,54609.27705,2008hard,17.87,0.258597234,5.159693149,,,,,,,10,5
GX_339-4,10.5,4.5,3.25,0.25,5.9,3.6,54610.24807,2008hard,17.85,0.263404915,5.255619006,,,,,,,10,5
GX_339-4,10.5,4.5,3.25,0.25,5.9,3.6,54611.25268,2008hard,17.93,0.244694312,4.882293399,,,,,,,10,5
GX_339-4,10.5,4.5,3.25,0.25,5.9,3.6,54612.23041,2008hard,17.95,0.240228138,4.793181501,,,,,,,10,5
GX_339-4,10.5,4.5,3.25,0.25,5.9,3.6,54623.21262,2008hard,17.75,0.288817746,5.762671648,,,,,,,10,5
GX_339-4,10.5,4.5,3.25,0.25,5.9,3.6,54624.2758,2008hard,17.65,0.316682361,6.318643813,,,,,,,10,5
GX_339-4,10.5,4.5,3.25,0.25,5.9,3.6,54625.17867,2008hard,17.77,0.283546228,5.657491037,,,,,,,10,5
GX_339-4,10.5,4.5,3.25,0.25,5.9,3.6,54628.19829,2008hard,17.66,0.313779,6.260714139,,,,,,,10,5
GX_339-4,10.5,4.5,3.25,0.25,5.9,3.6,54629.15027,2008hard,17.69,0.305227651,6.090092297,,,,,,,10,5
GX_339-4,10.5,4.5,3.25,0.25,5.9,3.6,54637.27178,2008hard,17.15,0.501907719,10.01437557,,,,,,,10,5
GX_339-4,10.5,4.5,3.25,0.25,5.9,3.6,54638.30711,2008hard,17.28,0.44527045,8.88431349,,,,,,,10,5
GX_339-4,10.5,4.5,3.25,0.25,5.9,3.6,54639.27028,2008hard,17.11,0.52074352,10.39019922,,,,,,,10,5
GX_339-4,10.5,4.5,3.25,0.25,5.9,3.6,54640.24806,2008hard,16.98,0.586980771,11.71180613,,,,,,,10,5
GX_339-4,10.5,4.5,3.25,0.25,5.9,3.6,54641.20712,2008hard,17.05,0.55033087,10.98054446,,,,,,,10,5
GX_339-4,10.5,4.5,3.25,0.25,5.9,3.6,54642.24765,2008hard,17.13,0.51123888,10.20055671,,,,,,,10,5
GX_339-4,10.5,4.5,3.25,0.25,5.9,3.6,54643.25408,2008hard,17.05,0.55033087,10.98054446,54643.67,7.71E-10,37.00761537,-1.863607184,35.36698459,-3.504237962,10,5
GX_339-4,10.5,4.5,3.25,0.25,5.9,3.6,54644.26481,2008hard,17.2,0.47931815,9.563654419,54644.7,5.67E-10,36.87412308,-1.997099476,35.30698459,-3.564237962,10,5
GX_339-4,10.5,4.5,3.25,0.25,5.9,3.6,54645.26407,2008hard,17.18,0.48822934,9.741456029,,,,,,,10,5
GX_339-4,10.5,4.5,3.25,0.25,5.9,3.6,54646.21066,2008hard,17.12,0.515969315,10.2949413,54645.75,4.54E-10,36.77762058,-2.093601976,35.33898459,-3.532237962,10,5
GX_339-4,10.5,4.5,3.25,0.25,5.9,3.6,54647.17294,2008hard,17.03,0.560562285,11.18468802,54647.6,7.58E-10,37.00005028,-1.871172274,35.37498459,-3.496237962,10,5
GX_339-4,10.5,4.5,3.25,0.25,5.9,3.6,54648.1156,2008hard,17.03,0.560562285,11.18468802,54648.44,8.15E-10,37.03148419,-1.839738362,35.37498459,-3.496237962,10,5
GX_339-4,10.5,4.5,3.25,0.25,5.9,3.6,54649.213,2008hard,16.92,0.620331557,12.37724178,,,,,,,10,5
GX_339-4,10.5,4.5,3.25,0.25,5.9,3.6,54650.17066,2008hard,17.01,0.570983916,11.39262689,,,,,,,10,5
GX_339-4,10.5,4.5,3.25,0.25,5.9,3.6,54651.1111,2008hard,16.94,0.60900923,12.15133166,54651.52,7.51E-10,36.99621196,-1.875010597,35.41098459,-3.460237962,10,5
GX_339-4,10.5,4.5,3.25,0.25,5.9,3.6,54652.17957,2008hard,16.9,0.631864381,12.60735188,,,,,,,10,5
GX_339-4,10.5,4.5,3.25,0.25,5.9,3.6,54653.16203,2008hard,17.03,0.560562285,11.18468802,54652.77,8.13E-10,37.0303369,-1.840885659,35.37498459,-3.496237962,10,5
GX_339-4,10.5,4.5,3.25,0.25,5.9,3.6,54654.1981,2008hard,16.86,0.655577251,13.08048583,54653.75,1.00E-09,37.12248674,-1.748735821,35.44298459,-3.428237962,10,5
GX_339-4,10.5,4.5,3.25,0.25,5.9,3.6,54655.22351,2008hard,16.89,0.637710951,12.72400627,,,,,,,10,5
GX_339-4,10.5,4.5,3.25,0.25,5.9,3.6,54656.17349,2008hard,16.85,0.661643232,13.20151807,54655.71,8.33E-10,37.04087332,-1.830349241,35.44698459,-3.424237962,10,5
GX_339-4,10.5,4.5,3.25,0.25,5.9,3.6,54657.20436,2008hard,16.99,0.581599299,11.60443164,,,,,,,10,5
GX_339-4,10.5,4.5,3.25,0.25,5.9,3.6,54658.21885,2008hard,16.82,0.680180026,13.57137574,54658.72,1.16E-09,37.18339685,-1.687825703,35.45898459,-3.412237962,10,5
GX_339-4,10.5,4.5,3.25,0.25,5.9,3.6,54659.22763,2008hard,16.92,0.620331557,12.37724178,,,,,,,10,5
GX_339-4,10.5,4.5,3.25,0.25,5.9,3.6,54660.12688,2008hard,16.81,0.686473655,13.69695013,,,,,,,10,5
GX_339-4,10.5,4.5,3.25,0.25,5.9,3.6,54661.24323,2008hard,16.95,0.6034258,12.03992758,54660.99,6.08E-10,36.90434603,-1.966876522,35.40698459,-3.464237962,10,5
GX_339-4,10.5,4.5,3.25,0.25,5.9,3.6,54662.25402,2008hard,16.84,0.667765342,13.32367021,54661.97,9.48E-10,37.09710809,-1.774114471,35.45098459,-3.420237962,10,5
GX_339-4,10.5,4.5,3.25,0.25,5.9,3.6,54663.16022,2008hard,16.86,0.655577251,13.08048583,,,,,,,10,5
GX_339-4,10.5,4.5,3.25,0.25,5.9,3.6,54664.17658,2008hard,16.82,0.680180026,13.57137574,,,,,,,10,5
GX_339-4,10.5,4.5,3.25,0.25,5.9,3.6,54665.18038,2008hard,16.79,0.699236153,13.95159545,,,,,,,10,5
GX_339-4,10.5,4.5,3.25,0.25,5.9,3.6,54666.16952,2008hard,16.91,0.626071414,12.49176699,54665.96,1.24E-09,37.21431061,-1.656911944,35.42298459,-3.448237962,10,5
GX_339-4,10.5,4.5,3.25,0.25,5.9,3.6,54671.14485,2008hard,16.86,0.655577251,13.08048583,54670.95,1.03E-09,37.13459032,-1.736632238,35.44298459,-3.428237962,10,5
GX_339-4,10.5,4.5,3.25,0.25,5.9,3.6,54672.19274,2008hard,16.79,0.699236153,13.95159545,,,,,,,10,5
GX_339-4,10.5,4.5,3.25,0.25,5.9,3.6,54674.21078,2008hard,16.79,0.699236153,13.95159545,,,,,,,10,5
GX_339-4,10.5,4.5,3.25,0.25,5.9,3.6,54675.19069,2008hard,16.88,0.643611617,12.84174005,,,,,,,10,5
GX_339-4,10.5,4.5,3.25,0.25,5.9,3.6,54677.21933,2008hard,16.79,0.699236153,13.95159545,,,,,,,10,5
GX_339-4,10.5,4.5,3.25,0.25,5.9,3.6,54678.15375,2008hard,17.01,0.570983916,11.39262689,,,,,,,10,5
GX_339-4,10.5,4.5,3.25,0.25,5.9,3.6,54681.16803,2008hard,16.93,0.614644323,12.26376654,,,,,,,10,5
GX_339-4,10.5,4.5,3.25,0.25,5.9,3.6,54682.16304,2008hard,17.01,0.570983916,11.39262689,,,,,,,10,5
GX_339-4,10.5,4.5,3.25,0.25,5.9,3.6,54683.17544,2008hard,16.85,0.661643232,13.20151807,,,,,,,10,5
GX_339-4,10.5,4.5,3.25,0.25,5.9,3.6,54684.10244,2008hard,16.81,0.686473655,13.69695013,,,,,,,10,5
GX_339-4,10.5,4.5,3.25,0.25,5.9,3.6,54685.1045,2008hard,16.94,0.60900923,12.15133166,,,,,,,10,5
GX_339-4,10.5,4.5,3.25,0.25,5.9,3.6,54687.14194,2008hard,16.94,0.60900923,12.15133166,,,,,,,10,5
GX_339-4,10.5,4.5,3.25,0.25,5.9,3.6,54690.16932,2008hard,16.87,0.649566882,12.96056321,,,,,,,10,5
GX_339-4,10.5,4.5,3.25,0.25,5.9,3.6,54691.15121,2008hard,16.74,0.732190137,14.60911388,,,,,,,10,5
GX_339-4,10.5,4.5,3.25,0.25,5.9,3.6,54698.11387,2008hard,16.94,0.60900923,12.15133166,,,,,,,10,5
GX_339-4,10.5,4.5,3.25,0.25,5.9,3.6,54700.09244,2008hard,16.93,0.614644323,12.26376654,,,,,,,10,5
GX_339-4,10.5,4.5,3.25,0.25,5.9,3.6,54701.07873,2008hard,16.88,0.643611617,12.84174005,,,,,,,10,5
GX_339-4,10.5,4.5,3.25,0.25,5.9,3.6,54702.08294,2008hard,16.84,0.667765342,13.32367021,,,,,,,10,5
GX_339-4,10.5,4.5,3.25,0.25,5.9,3.6,54703.12183,2008hard,16.9,0.631864381,12.60735188,,,,,,,10,5
GX_339-4,10.5,4.5,3.25,0.25,5.9,3.6,54704.129,2008hard,16.69,0.766697195,15.29762021,,,,,,,10,5
GX_339-4,10.5,4.5,3.25,0.25,5.9,3.6,54707.11,2008hard,16.9,0.631864381,12.60735188,,,,,,,10,5
GX_339-4,10.5,4.5,3.25,0.25,5.9,3.6,54708.06853,2008hard,16.9,0.631864381,12.60735188,,,,,,,10,5
GX_339-4,10.5,4.5,3.25,0.25,5.9,3.6,54709.0854,2008hard,16.89,0.637710951,12.72400627,,,,,,,10,5
GX_339-4,10.5,4.5,3.25,0.25,5.9,3.6,54710.10979,2008hard,16.8,0.692825517,13.82368645,,,,,,,10,5
GX_339-4,10.5,4.5,3.25,0.25,5.9,3.6,54740.99614,2008hard,17.25,0.45774528,9.133219065,,,,,,,10,5
GX_339-4,10.5,4.5,3.25,0.25,5.9,3.6,54742.07212,2008hard,17.14,0.506551814,10.10703744,,,,,,,10,5
GX_339-4,10.5,4.5,3.25,0.25,5.9,3.6,54743.02084,2008hard,17.48,0.370359829,7.389650092,,,,,,,10,5
GX_339-4,10.5,4.5,3.25,0.25,5.9,3.6,54743.9965,2008hard,17.1,0.525561901,10.48633855,,,,,,,10,5
GX_339-4,10.5,4.5,3.25,0.25,5.9,3.6,54745.00708,2008hard,17.45,0.38073594,7.596680732,,,,,,,10,5
GX_339-4,10.5,4.5,3.25,0.25,5.9,3.6,54746.04995,2008hard,17.44,0.384258846,7.666971953,,,,,,,10,5
GX_339-4,10.5,4.5,3.25,0.25,5.9,3.6,54871.3391,2009hard,18.79,0.110821462,2.211178865,,,,,,,10,5
GX_339-4,10.5,4.5,3.25,0.25,5.9,3.6,54873.33788,2009hard,19.18,0.077379136,1.543916735,,,,,,,10,5
GX_339-4,10.5,4.5,3.25,0.25,5.9,3.6,54875.3288,2009hard,17.97,0.23584348,4.70569608,,,,,,,10,5
GX_339-4,10.5,4.5,3.25,0.25,5.9,3.6,54877.31846,2009hard,18.52,0.14210975,2.835462282,,,,,,,10,5
GX_339-4,10.5,4.5,3.25,0.25,5.9,3.6,54879.35844,2009hard,17.72,0.29690935,5.924120375,,,,,,,10,5
GX_339-4,10.5,4.5,3.25,0.25,5.9,3.6,54882.38282,2009hard,17.33,0.425229979,8.484453514,,,,,,,10,5
GX_339-4,10.5,4.5,3.25,0.25,5.9,3.6,54884.36255,2009hard,17.06,0.545285406,10.87987422,,,,,,,10,5
GX_339-4,10.5,4.5,3.25,0.25,5.9,3.6,54885.31035,2009hard,16.76,0.718826161,14.3424675,,,,,,,10,5
GX_339-4,10.5,4.5,3.25,0.25,5.9,3.6,54886.35128,2009hard,16.83,0.673944098,13.44695262,,,,,,,10,5
GX_339-4,10.5,4.5,3.25,0.25,5.9,3.6,54887.33584,2009hard,16.73,0.738965009,14.74429035,,,,,,,10,5
GX_339-4,10.5,4.5,3.25,0.25,5.9,3.6,54888.29558,2009hard,16.55,0.872215649,17.40299016,,,,,,,10,5
GX_339-4,10.5,4.5,3.25,0.25,5.9,3.6,54889.30834,2009hard,16.79,0.699236153,13.95159545,54889.15,1.12E-09,37.16861142,-1.702611136,35.47098459,-3.400237962,10,5
GX_339-4,10.5,4.5,3.25,0.25,5.9,3.6,54890.31425,2009hard,16.54,0.880286161,17.56401804,54890.08,1.53E-09,37.30474297,-1.566479587,35.57098459,-3.300237962,10,5
GX_339-4,10.5,4.5,3.25,0.25,5.9,3.6,54891.33751,2009hard,16.63,0.81025902,16.16679289,54891.26,2.02E-09,37.42556473,-1.445657822,35.53498459,-3.336237962,10,5
GX_339-4,10.5,4.5,3.25,0.25,5.9,3.6,54892.34037,2009hard,16.43,0.974145603,19.43676011,54892.1,1.64E-09,37.33483684,-1.536385717,35.61498459,-3.256237962,10,5
GX_339-4,10.5,4.5,3.25,0.25,5.9,3.6,54894.32405,2009hard,16.53,0.888431349,17.7265359,54894.17,2.95E-09,37.5898177,-1.281404854,35.57498459,-3.296237962,10,5
GX_339-4,10.5,4.5,3.25,0.25,5.9,3.6,54895.37091,2009hard,16.66,0.788177213,15.7262029,54895.94,3.42E-09,37.65440269,-1.216819863,35.52298459,-3.348237962,10,5
GX_339-4,10.5,4.5,3.25,0.25,5.9,3.6,54896.35738,2009hard,16.58,0.848445351,16.92871036,54896.22,3.26E-09,37.63306162,-1.238160933,35.55498459,-3.316237962,10,5
GX_339-4,10.5,4.5,3.25,0.25,5.9,3.6,54897.32434,2009hard,16.24,1.160443164,23.15388514,54897.71,5.26E-09,37.84116795,-1.030054606,35.69098459,-3.180237962,10,5
GX_339-4,10.5,4.5,3.25,0.25,5.9,3.6,54899.3212,2009hard,16.43,0.974145603,19.43676011,,,,,,,10,5
GX_339-4,10.5,4.5,3.25,0.25,5.9,3.6,54900.34254,2009hard,16.31,1.087987422,21.70820302,,,,,,,10,5
GX_339-4,10.5,4.5,3.25,0.25,5.9,3.6,54901.35866,2009hard,16.39,1.010703744,20.16619092,,,,,,,10,5
GX_339-4,10.5,4.5,3.25,0.25,5.9,3.6,54902.33302,2009hard,16.21,1.192954486,23.80257129,,,,,,,10,5
GX_339-4,10.5,4.5,3.25,0.25,5.9,3.6,54903.3472,2009hard,16.36,1.039019922,20.73117294,,,,,,,10,5
GX_339-4,10.5,4.5,3.25,0.25,5.9,3.6,54905.34705,2009hard,16.18,1.226376654,24.46943122,,,,,,,10,5
GX_339-4,10.5,4.5,3.25,0.25,5.9,3.6,54906.31617,2009hard,16.08,1.344695262,26.83019781,,,,,,,10,5
GX_339-4,10.5,4.5,3.25,0.25,5.9,3.6,54907.30779,2009hard,16.14,1.272400627,25.38773021,,,,,,,10,5
GX_339-4,10.5,4.5,3.25,0.25,5.9,3.6,54908.36564,2009hard,16.06,1.369695013,27.32900843,,,,,,,10,5
GX_339-4,10.5,4.5,3.25,0.25,5.9,3.6,54909.30252,2009hard,16.04,1.395159545,27.83709263,,,,,,,10,5
GX_339-4,10.5,4.5,3.25,0.25,5.9,3.6,54910.34159,2009hard,16.19,1.215133166,24.24509413,,,,,,,10,5
GX_339-4,10.5,4.5,3.25,0.25,5.9,3.6,54911.33515,2009hard,16.12,1.296056321,25.85972336,,,,,,,10,5
GX_339-4,10.5,4.5,3.25,0.25,5.9,3.6,54912.34804,2009hard,16.25,1.149804157,22.94160905,,,,,,,10,5
GX_339-4,10.5,4.5,3.25,0.25,5.9,3.6,54913.31289,2009hard,16.17,1.237724178,24.69584408,,,,,,,10,5
GX_339-4,10.5,4.5,3.25,0.25,5.9,3.6,54915.35207,2009hard,16.18,1.226376654,24.46943122,,,,,,,10,5
GX_339-4,10.5,4.5,3.25,0.25,5.9,3.6,54916.33136,2009hard,16.1,1.320151807,26.34049151,,,,,,,10,5
GX_339-4,10.5,4.5,3.25,0.25,5.9,3.6,54916.3406,2009hard,16.1,1.320151807,26.34049151,,,,,,,10,5
GX_339-4,10.5,4.5,3.25,0.25,5.9,3.6,54917.36554,2009hard,16.31,1.087987422,21.70820302,,,,,,,10,5
GX_339-4,10.5,4.5,3.25,0.25,5.9,3.6,54918.3251,2009hard,16.17,1.237724178,24.69584408,,,,,,,10,5
GX_339-4,10.5,4.5,3.25,0.25,5.9,3.6,54919.29409,2009hard,16.18,1.226376654,24.46943122,,,,,,,10,5
GX_339-4,10.5,4.5,3.25,0.25,5.9,3.6,54920.29896,2009hard,16.15,1.260735188,25.1549741,,,,,,,10,5
GX_339-4,10.5,4.5,3.25,0.25,5.9,3.6,54921.36103,2009hard,16.56,0.864219128,17.24343858,,,,,,,10,5
GX_339-4,10.5,4.5,3.25,0.25,5.9,3.6,54922.30926,2009hard,16.24,1.160443164,23.15388514,,,,,,,10,5
GX_339-4,10.5,4.5,3.25,0.25,5.9,3.6,54923.32806,2009hard,16.32,1.078012693,21.50918102,,,,,,,10,5
GX_339-4,10.5,4.5,3.25,0.25,5.9,3.6,54924.29713,2009hard,16.26,1.139262689,22.73127911,,,,,,,10,5
GX_339-4,10.5,4.5,3.25,0.25,5.9,3.6,54925.35051,2009hard,16.2,1.203992758,24.02281377,,,,,,,10,5
GX_339-4,10.5,4.5,3.25,0.25,5.9,3.6,54926.2256,2009hard,16.21,1.192954486,23.80257129,,,,,,,10,5
GX_339-4,10.5,4.5,3.25,0.25,5.9,3.6,54927.32699,2009hard,16.24,1.160443164,23.15388514,,,,,,,10,5
GX_339-4,10.5,4.5,3.25,0.25,5.9,3.6,54928.31709,2009hard,16.33,1.068129413,21.31198366,,,,,,,10,5
GX_339-4,10.5,4.5,3.25,0.25,5.9,3.6,54929.28119,2009hard,16.26,1.139262689,22.73127911,,,,,,,10,5
GX_339-4,10.5,4.5,3.25,0.25,5.9,3.6,54930.39355,2009hard,16.48,0.930301829,18.5619618,,,,,,,10,5
GX_339-4,10.5,4.5,3.25,0.25,5.9,3.6,54931.31226,2009hard,16.26,1.139262689,22.73127911,,,,,,,10,5
GX_339-4,10.5,4.5,3.25,0.25,5.9,3.6,54932.30084,2009hard,16.45,0.956365442,19.08199925,,,,,,,10,5
GX_339-4,10.5,4.5,3.25,0.25,5.9,3.6,54933.31201,2009hard,16.45,0.956365442,19.08199925,,,,,,,10,5
GX_339-4,10.5,4.5,3.25,0.25,5.9,3.6,54934.33907,2009hard,16.43,0.974145603,19.43676011,,,,,,,10,5
GX_339-4,10.5,4.5,3.25,0.25,5.9,3.6,54935.32596,2009hard,16.52,0.896651903,17.89055752,,,,,,,10,5
GX_339-4,10.5,4.5,3.25,0.25,5.9,3.6,54936.28397,2009hard,16.46,0.947597431,18.90705443,,,,,,,10,5
GX_339-4,10.5,4.5,3.25,0.25,5.9,3.6,54937.27832,2009hard,16.58,0.848445351,16.92871036,,,,,,,10,5
GX_339-4,10.5,4.5,3.25,0.25,5.9,3.6,54938.3005,2009hard,16.45,0.956365442,19.08199925,,,,,,,10,5
GX_339-4,10.5,4.5,3.25,0.25,5.9,3.6,54939.29278,2009hard,16.56,0.864219128,17.24343858,,,,,,,10,5
GX_339-4,10.5,4.5,3.25,0.25,5.9,3.6,54940.21897,2009hard,16.49,0.92177277,18.39178471,,,,,,,10,5
GX_339-4,10.5,4.5,3.25,0.25,5.9,3.6,54941.31818,2009hard,16.44,0.965214582,19.25856282,,,,,,,10,5
GX_339-4,10.5,4.5,3.25,0.25,5.9,3.6,54942.35727,2009hard,16.61,0.82532286,16.46735601,,,,,,,10,5
GX_339-4,10.5,4.5,3.25,0.25,5.9,3.6,54943.26588,2009hard,16.54,0.880286161,17.56401804,,,,,,,10,5
GX_339-4,10.5,4.5,3.25,0.25,5.9,3.6,54944.23928,2009hard,16.52,0.896651903,17.89055752,,,,,,,10,5
GX_339-4,10.5,4.5,3.25,0.25,5.9,3.6,54946.36177,2009hard,16.6,0.832959479,16.61972657,,,,,,,10,5
GX_339-4,10.5,4.5,3.25,0.25,5.9,3.6,54947.29957,2009hard,16.45,0.956365442,19.08199925,,,,,,,10,5
GX_339-4,10.5,4.5,3.25,0.25,5.9,3.6,54948.28177,2009hard,16.5,0.913321907,18.22316781,,,,,,,10,5
GX_339-4,10.5,4.5,3.25,0.25,5.9,3.6,54949.30667,2009hard,16.52,0.896651903,17.89055752,,,,,,,10,5
GX_339-4,10.5,4.5,3.25,0.25,5.9,3.6,54951.30459,2009hard,16.52,0.896651903,17.89055752,,,,,,,10,5
GX_339-4,10.5,4.5,3.25,0.25,5.9,3.6,54953.3216,2009hard,16.68,0.773791357,15.43916735,,,,,,,10,5
GX_339-4,10.5,4.5,3.25,0.25,5.9,3.6,54954.30062,2009hard,16.52,0.896651903,17.89055752,,,,,,,10,5
GX_339-4,10.5,4.5,3.25,0.25,5.9,3.6,54955.30827,2009hard,17.02,0.565749104,11.28817866,,,,,,,10,5
GX_339-4,10.5,4.5,3.25,0.25,5.9,3.6,54956.24581,2009hard,16.49,0.92177277,18.39178471,,,,,,,10,5
GX_339-4,10.5,4.5,3.25,0.25,5.9,3.6,54959.33055,2009hard,16.56,0.864219128,17.24343858,,,,,,,10,5
GX_339-4,10.5,4.5,3.25,0.25,5.9,3.6,54960.38018,2009hard,16.54,0.880286161,17.56401804,,,,,,,10,5
GX_339-4,10.5,4.5,3.25,0.25,5.9,3.6,54961.25484,2009hard,16.51,0.904948521,18.05609681,,,,,,,10,5
GX_339-4,10.5,4.5,3.25,0.25,5.9,3.6,54962.32737,2009hard,16.68,0.773791357,15.43916735,,,,,,,10,5
GX_339-4,10.5,4.5,3.25,0.25,5.9,3.6,54964.24514,2009hard,16.49,0.92177277,18.39178471,,,,,,,10,5
GX_339-4,10.5,4.5,3.25,0.25,5.9,3.6,54965.31938,2009hard,16.48,0.930301829,18.5619618,,,,,,,10,5
GX_339-4,10.5,4.5,3.25,0.25,5.9,3.6,54966.31743,2009hard,16.5,0.913321907,18.22316781,,,,,,,10,5
GX_339-4,10.5,4.5,3.25,0.25,5.9,3.6,54967.38642,2009hard,16.52,0.896651903,17.89055752,,,,,,,10,5
GX_339-4,10.5,4.5,3.25,0.25,5.9,3.6,54968.25423,2009hard,16.46,0.947597431,18.90705443,,,,,,,10,5
GX_339-4,10.5,4.5,3.25,0.25,5.9,3.6,54969.29169,2009hard,16.56,0.864219128,17.24343858,,,,,,,10,5
GX_339-4,10.5,4.5,3.25,0.25,5.9,3.6,54970.32726,2009hard,16.54,0.880286161,17.56401804,,,,,,,10,5
GX_339-4,10.5,4.5,3.25,0.25,5.9,3.6,54971.31998,2009hard,16.49,0.92177277,18.39178471,,,,,,,10,5
GX_339-4,10.5,4.5,3.25,0.25,5.9,3.6,54972.37442,2009hard,16.5,0.913321907,18.22316781,,,,,,,10,5
GX_339-4,10.5,4.5,3.25,0.25,5.9,3.6,54973.3391,2009hard,16.5,0.913321907,18.22316781,,,,,,,10,5
GX_339-4,10.5,4.5,3.25,0.25,5.9,3.6,54974.26405,2009hard,16.53,0.888431349,17.7265359,,,,,,,10,5
GX_339-4,10.5,4.5,3.25,0.25,5.9,3.6,54975.19626,2009hard,16.49,0.92177277,18.39178471,,,,,,,10,5
GX_339-4,10.5,4.5,3.25,0.25,5.9,3.6,54976.37612,2009hard,16.55,0.872215649,17.40299016,,,,,,,10,5
GX_339-4,10.5,4.5,3.25,0.25,5.9,3.6,54982.22028,2009hard,16.57,0.85629592,17.08534979,,,,,,,10,5
GX_339-4,10.5,4.5,3.25,0.25,5.9,3.6,54983.31096,2009hard,16.52,0.896651903,17.89055752,,,,,,,10,5
GX_339-4,10.5,4.5,3.25,0.25,5.9,3.6,54984.25443,2009hard,16.43,0.974145603,19.43676011,,,,,,,10,5
GX_339-4,10.5,4.5,3.25,0.25,5.9,3.6,54985.31205,2009hard,16.53,0.888431349,17.7265359,,,,,,,10,5
GX_339-4,10.5,4.5,3.25,0.25,5.9,3.6,54986.2073,2009hard,16.53,0.888431349,17.7265359,,,,,,,10,5
GX_339-4,10.5,4.5,3.25,0.25,5.9,3.6,54987.2529,2009hard,16.58,0.848445351,16.92871036,,,,,,,10,5
GX_339-4,10.5,4.5,3.25,0.25,5.9,3.6,54988.14696,2009hard,16.42,0.983159261,19.61660623,,,,,,,10,5
GX_339-4,10.5,4.5,3.25,0.25,5.9,3.6,54989.19383,2009hard,16.59,0.840666758,16.77350701,,,,,,,10,5
GX_339-4,10.5,4.5,3.25,0.25,5.9,3.6,54990.30017,2009hard,16.57,0.85629592,17.08534979,,,,,,,10,5
GX_339-4,10.5,4.5,3.25,0.25,5.9,3.6,54991.25548,2009hard,16.58,0.848445351,16.92871036,,,,,,,10,5
GX_339-4,10.5,4.5,3.25,0.25,5.9,3.6,54992.22953,2009hard,16.71,0.752703394,15.01840717,,,,,,,10,5
GX_339-4,10.5,4.5,3.25,0.25,5.9,3.6,54993.21258,2009hard,16.58,0.848445351,16.92871036,,,,,,,10,5
GX_339-4,10.5,4.5,3.25,0.25,5.9,3.6,54994.29197,2009hard,16.73,0.738965009,14.74429035,,,,,,,10,5
GX_339-4,10.5,4.5,3.25,0.25,5.9,3.6,54995.2855,2009hard,16.62,0.817756255,16.31638238,,,,,,,10,5
GX_339-4,10.5,4.5,3.25,0.25,5.9,3.6,54998.13382,2009hard,16.82,0.680180026,13.57137574,,,,,,,10,5
GX_339-4,10.5,4.5,3.25,0.25,5.9,3.6,55003.31368,2009hard,16.77,0.712235923,14.21097497,,,,,,,10,5
GX_339-4,10.5,4.5,3.25,0.25,5.9,3.6,55004.19439,2009hard,16.69,0.766697195,15.29762021,,,,,,,10,5
GX_339-4,10.5,4.5,3.25,0.25,5.9,3.6,55005.22053,2009hard,16.84,0.667765342,13.32367021,,,,,,,10,5
GX_339-4,10.5,4.5,3.25,0.25,5.9,3.6,55007.12659,2009hard,16.88,0.643611617,12.84174005,,,,,,,10,5
GX_339-4,10.5,4.5,3.25,0.25,5.9,3.6,55008.0655,2009hard,16.76,0.718826161,14.3424675,,,,,,,10,5
GX_339-4,10.5,4.5,3.25,0.25,5.9,3.6,55010.14582,2009hard,16.87,0.649566882,12.96056321,,,,,,,10,5
GX_339-4,10.5,4.5,3.25,0.25,5.9,3.6,55012.16342,2009hard,16.93,0.614644323,12.26376654,55011.34,8.56E-10,37.05306083,-1.818161725,35.41498459,-3.456237962,10,5
GX_339-4,10.5,4.5,3.25,0.25,5.9,3.6,55013.04825,2009hard,16.88,0.643611617,12.84174005,55013.33,1.79E-09,37.37365342,-1.497569135,35.43498459,-3.436237962,10,5